index,relative_path,top,directory,name,inferred_category,usage,duration_sec,size_kb,channels,sample_rate,reference_count,first_references
1,Custom\AbilitySounds\AdrenalineActivate.ogg,Custom,Custom\AbilitySounds,AdrenalineActivate,玩家能力,玩家能力/套装或冷却提示音效；动作：激活/使用/UI；主题：Adrenaline Activate。 代码标识：AdrenalineActivationSound。,5.50,99.6,2,44100,1,CalPlayer\CalamityPlayer.cs:473 (AdrenalineActivationSound)
2,Custom\AbilitySounds\AngelicAllianceActivation.ogg,Custom,Custom\AbilitySounds,AngelicAllianceActivation,玩家能力,玩家能力/套装或冷却提示音效；动作：激活/使用/UI；主题：Angelic Alliance Activation。 代码标识：ActivationSound。,6.53,82.5,2,44100,1,Items\Accessories\AngelicAlliance.cs:18 (ActivationSound)
3,Custom\AbilitySounds\BloodflareRangerActivation.ogg,Custom,Custom\AbilitySounds,BloodflareRangerActivation,玩家能力,玩家能力/套装或冷却提示音效；动作：激活/使用/UI；主题：Bloodflare Ranger Activation。 代码标识：ActivationSound。,0.81,16.7,2,44100,1,Items\Armor\Bloodflare\BloodflareHeadRanged.cs:16 (ActivationSound)
4,Custom\AbilitySounds\BloodflareRangerRecharge.ogg,Custom,Custom\AbilitySounds,BloodflareRangerRecharge,玩家能力,玩家能力/套装或冷却提示音效；动作：蓄力/充能/冷却；主题：Bloodflare Ranger Recharge。 代码标识：EndSound。,0.56,14.7,2,44100,1,Cooldowns\BloodflareRangedSet.cs:17 (EndSound)
5,Custom\AbilitySounds\BrimflameAbility.ogg,Custom,Custom\AbilitySounds,BrimflameAbility,玩家能力,玩家能力/套装或冷却提示音效；动作：通用/特殊；主题：Brimflame Ability。 代码标识：ActivationSound。,1.62,32.3,2,44100,1,Items\Armor\Brimflame\BrimflameCowl.cs:18 (ActivationSound)
6,Custom\AbilitySounds\BrimflameRecharge.ogg,Custom,Custom\AbilitySounds,BrimflameRecharge,玩家能力,玩家能力/套装或冷却提示音效；动作：蓄力/充能/冷却；主题：Brimflame Recharge。 代码标识：EndSound。,0.97,16.2,2,44100,2,Cooldowns\BrimflameFrenzy.cs:20 (EndSound); Projectiles\Ranged\CondemnationHoldout.cs:100 (fire)
7,Custom\AbilitySounds\ChaosStateOver.ogg,Custom,Custom\AbilitySounds,ChaosStateOver,玩家能力,玩家能力/套装或冷却提示音效；动作：通用/特殊；主题：Chaos State Over。 代码标识：EndSound。,1.27,24.6,2,44100,1,Cooldowns\ChaosState.cs:17 (EndSound)
8,Custom\AbilitySounds\DarklightEnergyCharged.ogg,Custom,Custom\AbilitySounds,DarklightEnergyCharged,玩家能力,玩家能力/套装或冷却提示音效；动作：蓄力/充能/冷却；主题：Darklight Energy Charged。 代码标识：maxEnergyReached。,0.75,20.2,2,48000,2,CalPlayer\CalamityPlayerMiscEffects.cs:415 (maxEnergyReached); CalPlayer\CalamityPlayerMiscEffects.cs:472 (maxEnergyReached)
9,Custom\AbilitySounds\DemonshadeEnrage.ogg,Custom,Custom\AbilitySounds,DemonshadeEnrage,玩家能力,玩家能力/套装或冷却提示音效；动作：激活/使用/UI；主题：Demonshade Enrage。 代码标识：ActivationSound。,3.19,53.6,2,44100,1,Items\Armor\Demonshade\DemonshadeHelm.cs:19 (ActivationSound)
10,Custom\AbilitySounds\DesertProwlerCDReset.ogg,Custom,Custom\AbilitySounds,DesertProwlerCDReset,玩家能力,玩家能力/套装或冷却提示音效；动作：通用/特殊；主题：Desert Prowler CD Reset。 代码标识：CDResetSound。,1.50,28.4,2,44100,1,Items\Armor\DesertProwler\DesertProwlerSet.cs:23 (CDResetSound)
11,Custom\AbilitySounds\DesertProwlerSmokeBomb.ogg,Custom,Custom\AbilitySounds,DesertProwlerSmokeBomb,玩家能力,玩家能力/套装或冷却提示音效；动作：通用/特殊；主题：Desert Prowler Smoke Bomb。 代码标识：SmokeBombSound。,5.51,93.8,2,44100,1,Items\Armor\DesertProwler\DesertProwlerSet.cs:21 (SmokeBombSound)
12,Custom\AbilitySounds\DesertProwlerSmokeBombEnd.ogg,Custom,Custom\AbilitySounds,DesertProwlerSmokeBombEnd,玩家能力,玩家能力/套装或冷却提示音效；动作：循环/开始结束/预警；主题：Desert Prowler Smoke Bomb End。 代码标识：SmokeBombEndSound。,1.41,24.6,2,44100,1,Items\Armor\DesertProwler\DesertProwlerSet.cs:22 (SmokeBombEndSound)
13,Custom\AbilitySounds\DesertProwlerSmokeBombReload.ogg,Custom,Custom\AbilitySounds,DesertProwlerSmokeBombReload,玩家能力,玩家能力/套装或冷却提示音效；动作：蓄力/充能/冷却；主题：Desert Prowler Smoke Bomb Reload。 代码标识：EndSound。,1.86,40.0,2,44100,1,Cooldowns\SandsmokeBomb.cs:30 (EndSound)
14,Custom\AbilitySounds\FullAdrenaline.ogg,Custom,Custom\AbilitySounds,FullAdrenaline,玩家能力,玩家能力/套装或冷却提示音效；动作：通用/特殊；主题：Full Adrenaline。 代码标识：AdrenalineFilledSound。,0.65,10.8,2,44100,1,CalPlayer\CalamityPlayer.cs:472 (AdrenalineFilledSound)
15,Custom\AbilitySounds\FullRage.ogg,Custom,Custom\AbilitySounds,FullRage,玩家能力,玩家能力/套装或冷却提示音效；动作：通用/特殊；主题：Full Rage。 代码标识：RageFilledSound。,0.62,10.3,1,44100,1,CalPlayer\CalamityPlayer.cs:468 (RageFilledSound)
16,Custom\AbilitySounds\NanomachinesActivate.ogg,Custom,Custom\AbilitySounds,NanomachinesActivate,玩家能力,玩家能力/套装或冷却提示音效；动作：激活/使用/UI；主题：Nanomachines Activate。 代码标识：NanomachinesActivationSound。,3.64,68.6,2,44100,1,CalPlayer\CalamityPlayer.cs:476 (NanomachinesActivationSound)
17,Custom\AbilitySounds\OmegaBlueAbility.ogg,Custom,Custom\AbilitySounds,OmegaBlueAbility,玩家能力,玩家能力/套装或冷却提示音效；动作：通用/特殊；主题：Omega Blue Ability。 代码标识：OverheatSound。,1.93,39.0,2,44100,2,Projectiles\Ranged\SpectralstormCannonHoldout.cs:28 (OverheatSound); Items\Armor\OmegaBlue\OmegaBlueHelmet.cs:19 (ActivationSound)
18,Custom\AbilitySounds\OmegaBlueRecharge.ogg,Custom,Custom\AbilitySounds,OmegaBlueRecharge,玩家能力,玩家能力/套装或冷却提示音效；动作：蓄力/充能/冷却；主题：Omega Blue Recharge。 代码标识：EndSound。,0.86,17.4,2,44100,1,Cooldowns\OmegaBlue.cs:24 (EndSound)
19,Custom\AbilitySounds\PlagueReaperAbility.ogg,Custom,Custom\AbilitySounds,PlagueReaperAbility,玩家能力,玩家能力/套装或冷却提示音效；动作：通用/特殊；主题：Plague Reaper Ability。 代码标识：ActivationSound。,1.30,27.2,2,44100,1,Items\Armor\PlagueReaper\PlagueReaperMask.cs:17 (ActivationSound)
20,Custom\AbilitySounds\PlagueReaperRecharge.ogg,Custom,Custom\AbilitySounds,PlagueReaperRecharge,玩家能力,玩家能力/套装或冷却提示音效；动作：蓄力/充能/冷却；主题：Plague Reaper Recharge。 代码标识：EndSound。,0.85,19.5,2,44100,1,Cooldowns\PlagueBlackout.cs:22 (EndSound)
21,Custom\AbilitySounds\PotionSicknessOver.ogg,Custom,Custom\AbilitySounds,PotionSicknessOver,玩家能力,玩家能力/套装或冷却提示音效；动作：激活/使用/UI；主题：Potion Sickness Over。 代码标识：EndSound。,1.50,34.2,2,48000,2,Cooldowns\PanaceaCooldown.cs:16 (EndSound); Cooldowns\PotionSickness.cs:16 (EndSound)
22,Custom\AbilitySounds\RageActivate.ogg,Custom,Custom\AbilitySounds,RageActivate,玩家能力,玩家能力/套装或冷却提示音效；动作：激活/使用/UI；主题：Rage Activate。 代码标识：RageActivationSound。,3.92,70.8,2,44100,1,CalPlayer\CalamityPlayer.cs:469 (RageActivationSound)
23,Custom\AbilitySounds\RageEnd.ogg,Custom,Custom\AbilitySounds,RageEnd,玩家能力,玩家能力/套装或冷却提示音效；动作：循环/开始结束/预警；主题：Rage End。 代码标识：RageEndSound。,1.72,34.7,2,44100,1,CalPlayer\CalamityPlayer.cs:470 (RageEndSound)
24,Custom\AbilitySounds\SilvaActivation.ogg,Custom,Custom\AbilitySounds,SilvaActivation,玩家能力,玩家能力/套装或冷却提示音效；动作：激活/使用/UI；主题：Silva Activation。 代码标识：AbsorberHit。,2.41,36.4,2,44100,2,CalPlayer\CalamityPlayer.cs:485 (AbsorberHit); Items\Armor\Silva\SilvaArmor.cs:16 (ActivationSound)
25,Custom\AbilitySounds\SilvaDispel.ogg,Custom,Custom\AbilitySounds,SilvaDispel,玩家能力,玩家能力/套装或冷却提示音效；动作：通用/特殊；主题：Silva Dispel。 代码标识：DispelSound。,2.16,30.8,2,44100,1,Items\Armor\Silva\SilvaArmor.cs:17 (DispelSound)
26,Custom\AbilitySounds\WulfrumBastionActivate.ogg,Custom,Custom\AbilitySounds,WulfrumBastionActivate,玩家能力,玩家能力/套装或冷却提示音效；动作：激活/使用/UI；主题：Wulfrum Bastion Activate。 代码标识：SetActivationSound。,2.52,48.5,2,48000,1,Items\Armor\Wulfrum\WulfrumSet.cs:33 (SetActivationSound)
27,Custom\AbilitySounds\WulfrumBastionBreak.ogg,Custom,Custom\AbilitySounds,WulfrumBastionBreak,玩家能力,玩家能力/套装或冷却提示音效；动作：激活/使用/UI；主题：Wulfrum Bastion Break。 代码标识：SetBreakSound。,2.40,49.5,2,48000,1,Items\Armor\Wulfrum\WulfrumSet.cs:34 (SetBreakSound)
28,Custom\AbilitySounds\WulfrumBastionBreakSafely.ogg,Custom,Custom\AbilitySounds,WulfrumBastionBreakSafely,玩家能力,玩家能力/套装或冷却提示音效；动作：激活/使用/UI；主题：Wulfrum Bastion Break Safely。 代码标识：SetBreakSoundSafe。,2.40,49.4,2,48000,1,Items\Armor\Wulfrum\WulfrumSet.cs:35 (SetBreakSoundSafe)
29,Custom\AbilitySounds\WulfrumBastionRecharge.ogg,Custom,Custom\AbilitySounds,WulfrumBastionRecharge,玩家能力,玩家能力/套装或冷却提示音效；动作：蓄力/充能/冷却；主题：Wulfrum Bastion Recharge。 代码标识：EndSound。,1.46,26.2,2,48000,1,Cooldowns\WulfrumBastion.cs:29 (EndSound)
30,Custom\AbyssDrown.ogg,Custom,Custom,AbyssDrown,自定义/Boss/系统,自定义系统/敌怪/Boss/环境音效；动作：通用/特殊；主题：Abyss Drown。 代码标识：DrownSound。,2.54,46.3,2,192000,1,CalPlayer\CalamityPlayer.cs:482 (DrownSound)
31,Custom\AbyssGravelMine1.ogg,Custom,Custom,AbyssGravelMine1,自定义/Boss/系统,自定义系统/敌怪/Boss/环境音效；动作：采掘/破碎/物块碰撞；主题：Abyss Gravel Mine。 代码标识：MineSound。,0.30,10.5,2,44100,2,Tiles\Abyss\AbyssGravel.cs:15 (MineSound); Tiles\Abyss\SulphurousShale.cs:17 (MineSound)
32,Custom\AbyssGravelMine2.ogg,Custom,Custom,AbyssGravelMine2,自定义/Boss/系统,自定义系统/敌怪/Boss/环境音效；动作：采掘/破碎/物块碰撞；主题：Abyss Gravel Mine。 代码标识：MineSound。,0.29,10.4,2,44100,4,Tiles\Abyss\AbyssGravel.cs:15 (MineSound); Tiles\Abyss\SulphurousShale.cs:17 (MineSound); Projectiles\Melee\AbyssBladeProjectile.cs:213 (HitSound); 另 1 处
33,Custom\AbyssGravelMine3.ogg,Custom,Custom,AbyssGravelMine3,自定义/Boss/系统,自定义系统/敌怪/Boss/环境音效；动作：采掘/破碎/物块碰撞；主题：Abyss Gravel Mine。 代码标识：MineSound。,0.27,9.5,2,44100,2,Tiles\Abyss\AbyssGravel.cs:15 (MineSound); Tiles\Abyss\SulphurousShale.cs:17 (MineSound)
34,Custom\AdrenalineMajorLoss.ogg,Custom,Custom,AdrenalineMajorLoss,自定义/Boss/系统,自定义系统/敌怪/Boss/环境音效；动作：通用/特殊；主题：Adrenaline Major Loss。 代码标识：AdrenalineHurtSound。,1.86,32.7,2,44100,1,CalPlayer\CalamityPlayer.cs:474 (AdrenalineHurtSound)
35,Custom\AdrenalineMajorLossGFB.ogg,Custom,Custom,AdrenalineMajorLossGFB,自定义/Boss/系统,自定义系统/敌怪/Boss/环境音效；动作：通用/特殊；主题：Adrenaline Major Loss GFB。 代码标识：AdrenalineHurtGFB。,1.08,15.3,2,32000,1,CalPlayer\CalamityPlayer.cs:475 (AdrenalineHurtGFB)
36,Custom\AndromedaCripple.ogg,Custom,Custom,AndromedaCripple,自定义/Boss/系统,自定义系统/敌怪/Boss/环境音效；动作：通用/特殊；主题：Andromeda Cripple。 代码标识：CrippleSound。,0.38,7.1,2,44100,1,Items\Weapons\Summon\FlamsteedRing.cs:24 (CrippleSound)
37,Custom\ArianeShot.ogg,Custom,Custom,ArianeShot,自定义/Boss/系统,自定义系统/敌怪/Boss/环境音效；动作：射击/发射；主题：Ariane Shot。 首处代码上下文：LiliesOfFinalityBolt.cs。,10.02,80.4,1,48000,1,Projectiles\Summon\LiliesOfFinalityBolt.cs:104
38,Custom\AstralBeaconOrbPulse.ogg,Custom,Custom,AstralBeaconOrbPulse,自定义/Boss/系统,自定义系统/敌怪/Boss/环境音效；动作：激活/使用/UI；主题：Astral Beacon Orb Pulse。 代码标识：PulseSound。,0.36,7.7,2,44100,1,Projectiles\Boss\DeusRitualDrama.cs:17 (PulseSound)
39,Custom\AstralBeaconUse.ogg,Custom,Custom,AstralBeaconUse,自定义/Boss/系统,自定义系统/敌怪/Boss/环境音效；动作：激活/使用/UI；主题：Astral Beacon Use。 代码标识：UseSound。,0.88,17.0,2,44100,1,Tiles\Astral\AstralBeacon.cs:23 (UseSound)
40,Custom\AstralStarFall.ogg,Custom,Custom,AstralStarFall,自定义/Boss/系统,自定义系统/敌怪/Boss/环境音效；动作：通用/特殊；主题：Astral Star Fall。 代码标识：MeteorSound。,9.65,130.1,2,44100,1,World\AstralBiome.cs:26 (MeteorSound)
41,Custom\AstrumAureus\AstrumAureusSpawn.ogg,Custom,Custom\AstrumAureus,AstrumAureusSpawn,自定义/Boss/系统,Custom\AstrumAureus 专用音效；动作：移动/生成/阶段转换；主题：Astrum Aureus Spawn。 代码标识：UseSound。,2.38,34.7,2,48000,1,Items\SummonItems\AstralChunk.cs:17 (UseSound)
42,Custom\AstrumAureus\AureusJump.ogg,Custom,Custom\AstrumAureus,AureusJump,自定义/Boss/系统,Custom\AstrumAureus 专用音效；动作：通用/特殊；主题：Aureus Jump。 代码标识：JumpSound。,1.48,25.3,2,44100,1,NPCs\AstrumAureus\AstrumAureus.cs:46 (JumpSound)
43,Custom\AstrumAureus\AureusShoot.ogg,Custom,Custom\AstrumAureus,AureusShoot,自定义/Boss/系统,Custom\AstrumAureus 专用音效；动作：射击/发射；主题：Aureus Shoot。 代码标识：LaserSound。,0.44,13.8,2,44100,1,NPCs\AstrumAureus\AstrumAureus.cs:43 (LaserSound)
44,Custom\AstrumAureus\AureusShootCrystal.ogg,Custom,Custom\AstrumAureus,AureusShootCrystal,自定义/Boss/系统,Custom\AstrumAureus 专用音效；动作：射击/发射；主题：Aureus Shoot Crystal。 代码标识：FlameCrystalSound。,0.70,20.4,2,44100,1,NPCs\AstrumAureus\AstrumAureus.cs:44 (FlameCrystalSound)
45,Custom\AstrumAureus\AureusTeleport.ogg,Custom,Custom\AstrumAureus,AureusTeleport,自定义/Boss/系统,Custom\AstrumAureus 专用音效；动作：移动/生成/阶段转换；主题：Aureus Teleport。 代码标识：TeleportSound。,1.21,32.0,2,44100,1,NPCs\AstrumAureus\AstrumAureus.cs:47 (TeleportSound)
46,Custom\AstrumAureus\LegStomp.ogg,Custom,Custom\AstrumAureus,LegStomp,自定义/Boss/系统,Custom\AstrumAureus 专用音效；动作：近战挥击/撞击；主题：Leg Stomp。 代码标识：StompSound。,0.79,21.7,2,44100,1,NPCs\AstrumAureus\AstrumAureus.cs:45 (StompSound)
47,Custom\AstrumDeus\AstrumDeusGodRay.ogg,Custom,Custom\AstrumDeus,AstrumDeusGodRay,自定义/Boss/系统,Custom\AstrumDeus 专用音效；动作：激光/光束；主题：Astrum Deus God Ray。 代码标识：GodRaySound。,0.48,11.3,2,44100,1,NPCs\AstrumDeus\AstrumDeusHead.cs:43 (GodRaySound)
48,Custom\AstrumDeus\AstrumDeusLaser.ogg,Custom,Custom\AstrumDeus,AstrumDeusLaser,自定义/Boss/系统,Custom\AstrumDeus 专用音效；动作：激光/光束；主题：Astrum Deus Laser。 代码标识：LaserSound。,0.42,10.9,2,44100,1,NPCs\AstrumDeus\AstrumDeusHead.cs:42 (LaserSound)
49,Custom\AstrumDeus\AstrumDeusMine.ogg,Custom,Custom\AstrumDeus,AstrumDeusMine,自定义/Boss/系统,Custom\AstrumDeus 专用音效；动作：采掘/破碎/物块碰撞；主题：Astrum Deus Mine。 代码标识：SmallBeamSound。,1.00,22.0,2,44100,2,Projectiles\Ranged\TauCannonHoldout.cs:73 (SmallBeamSound); NPCs\AstrumDeus\AstrumDeusHead.cs:44 (MineSound)
50,Custom\AstrumDeus\AstrumDeusSpawn.ogg,Custom,Custom\AstrumDeus,AstrumDeusSpawn,自定义/Boss/系统,Custom\AstrumDeus 专用音效；动作：移动/生成/阶段转换；主题：Astrum Deus Spawn。 代码标识：SpawnSound。,3.15,46.6,2,44100,1,NPCs\AstrumDeus\AstrumDeusHead.cs:41 (SpawnSound)
51,Custom\AstrumDeus\AstrumDeusSplit.ogg,Custom,Custom\AstrumDeus,AstrumDeusSplit,自定义/Boss/系统,Custom\AstrumDeus 专用音效；动作：通用/特殊；主题：Astrum Deus Split。 代码标识：SplitSound。,0.93,15.6,2,44100,1,NPCs\AstrumDeus\AstrumDeusHead.cs:45 (SplitSound)
52,Custom\AstrumDeus\DeusMineExplode.ogg,Custom,Custom\AstrumDeus,DeusMineExplode,自定义/Boss/系统,Custom\AstrumDeus 专用音效；动作：爆炸/爆裂；主题：Deus Mine Explode。 代码标识：ExplodeSound。,0.45,11.8,2,44100,1,Projectiles\Boss\DeusMine.cs:16 (ExplodeSound)
53,Custom\AtlasIdle1.ogg,Custom,Custom,AtlasIdle1,自定义/Boss/系统,自定义系统/敌怪/Boss/环境音效；动作：循环/开始结束/预警；主题：Atlas Idle。 代码标识：IdleSound。,0.67,11.7,2,44100,1,NPCs\Astral\Atlas.cs:56 (IdleSound)
54,Custom\AtlasIdle2.ogg,Custom,Custom,AtlasIdle2,自定义/Boss/系统,自定义系统/敌怪/Boss/环境音效；动作：循环/开始结束/预警；主题：Atlas Idle。 代码标识：IdleSound。,0.77,13.1,2,44100,1,NPCs\Astral\Atlas.cs:56 (IdleSound)
55,Custom\AtlasSadAggro.ogg,Custom,Custom,AtlasSadAggro,自定义/Boss/系统,自定义系统/敌怪/Boss/环境音效；动作：通用/特殊；主题：Atlas Sad Aggro。 代码标识：AggroSound。,0.71,12.6,2,44100,1,NPCs\Astral\Atlas.cs:53 (AggroSound)
56,Custom\AtlasSadUnaggro.ogg,Custom,Custom,AtlasSadUnaggro,自定义/Boss/系统,自定义系统/敌怪/Boss/环境音效；动作：通用/特殊；主题：Atlas Sad Unaggro。 代码标识：UnaggroSound。,0.87,15.0,2,44100,1,NPCs\Astral\Atlas.cs:54 (UnaggroSound)
57,Custom\AtlasSwing.ogg,Custom,Custom,AtlasSwing,自定义/Boss/系统,自定义系统/敌怪/Boss/环境音效；动作：近战挥击/撞击；主题：Atlas Swing。 代码标识：SwingSound。,0.72,12.9,2,44100,1,NPCs\Astral\Atlas.cs:55 (SwingSound)
58,Custom\AuricMine1.ogg,Custom,Custom,AuricMine1,自定义/Boss/系统,自定义系统/敌怪/Boss/环境音效；动作：采掘/破碎/物块碰撞；主题：Auric Mine。 代码标识：MineSound。,0.34,10.2,2,44100,1,Tiles\Ores\AuricOre.cs:11 (MineSound)
59,Custom\AuricMine2.ogg,Custom,Custom,AuricMine2,自定义/Boss/系统,自定义系统/敌怪/Boss/环境音效；动作：采掘/破碎/物块碰撞；主题：Auric Mine。 代码标识：MineSound。,0.25,9.4,2,44100,1,Tiles\Ores\AuricOre.cs:11 (MineSound)
60,Custom\AuricMine3.ogg,Custom,Custom,AuricMine3,自定义/Boss/系统,自定义系统/敌怪/Boss/环境音效；动作：采掘/破碎/物块碰撞；主题：Auric Mine。 代码标识：MineSound。,0.28,9.7,2,44100,1,Tiles\Ores\AuricOre.cs:11 (MineSound)
61,Custom\BEES\bees1.ogg,Custom,Custom\BEES,bees1,自定义/Boss/系统,Custom\BEES 专用音效；动作：通用/特殊；主题：bees。 代码标识：bees。,0.44,13.4,2,44100,1,Projectiles\Ranged\HiveNuke.cs:182 (bees)
62,Custom\BEES\bees10.ogg,Custom,Custom\BEES,bees10,自定义/Boss/系统,Custom\BEES 专用音效；动作：通用/特殊；主题：bees。 代码标识：bees。,0.74,9.1,2,44100,1,Projectiles\Ranged\HiveNuke.cs:182 (bees)
63,Custom\BEES\bees11.ogg,Custom,Custom\BEES,bees11,自定义/Boss/系统,Custom\BEES 专用音效；动作：通用/特殊；主题：bees。 代码标识：bees。,0.91,15.1,2,44100,1,Projectiles\Ranged\HiveNuke.cs:182 (bees)
64,Custom\BEES\bees12.ogg,Custom,Custom\BEES,bees12,自定义/Boss/系统,Custom\BEES 专用音效；动作：通用/特殊；主题：bees。 代码标识：bees。,1.12,15.1,2,44100,1,Projectiles\Ranged\HiveNuke.cs:182 (bees)
65,Custom\BEES\bees2.ogg,Custom,Custom\BEES,bees2,自定义/Boss/系统,Custom\BEES 专用音效；动作：通用/特殊；主题：bees。 代码标识：bees。,0.73,8.2,2,48000,1,Projectiles\Ranged\HiveNuke.cs:182 (bees)
66,Custom\BEES\bees3.ogg,Custom,Custom\BEES,bees3,自定义/Boss/系统,Custom\BEES 专用音效；动作：通用/特殊；主题：bees。 代码标识：bees。,1.05,9.2,2,48000,1,Projectiles\Ranged\HiveNuke.cs:182 (bees)
67,Custom\BEES\bees4.ogg,Custom,Custom\BEES,bees4,自定义/Boss/系统,Custom\BEES 专用音效；动作：通用/特殊；主题：bees。 代码标识：bees。,0.75,9.2,2,48000,1,Projectiles\Ranged\HiveNuke.cs:182 (bees)
68,Custom\BEES\bees5.ogg,Custom,Custom\BEES,bees5,自定义/Boss/系统,Custom\BEES 专用音效；动作：通用/特殊；主题：bees。 代码标识：bees。,2.07,34.6,2,44100,1,Projectiles\Ranged\HiveNuke.cs:182 (bees)
69,Custom\BEES\bees6.ogg,Custom,Custom\BEES,bees6,自定义/Boss/系统,Custom\BEES 专用音效；动作：通用/特殊；主题：bees。 代码标识：bees。,1.23,10.4,2,48000,1,Projectiles\Ranged\HiveNuke.cs:182 (bees)
70,Custom\BEES\bees7.ogg,Custom,Custom\BEES,bees7,自定义/Boss/系统,Custom\BEES 专用音效；动作：通用/特殊；主题：bees。 代码标识：bees。,1.89,14.7,2,48000,1,Projectiles\Ranged\HiveNuke.cs:182 (bees)
71,Custom\BEES\bees8.ogg,Custom,Custom\BEES,bees8,自定义/Boss/系统,Custom\BEES 专用音效；动作：通用/特殊；主题：bees。 代码标识：bees。,1.30,10.8,1,48000,1,Projectiles\Ranged\HiveNuke.cs:182 (bees)
72,Custom\BEES\bees9.ogg,Custom,Custom\BEES,bees9,自定义/Boss/系统,Custom\BEES 专用音效；动作：通用/特殊；主题：bees。 代码标识：bees。,1.00,11.1,2,48000,1,Projectiles\Ranged\HiveNuke.cs:182 (bees)
73,Custom\BloodPactCrit.ogg,Custom,Custom,BloodPactCrit,自定义/Boss/系统,自定义系统/敌怪/Boss/环境音效；动作：通用/特殊；主题：Blood Pact Crit。 首处代码上下文：TheMutilatorHoldoutProjectile.cs。,0.77,19.0,2,44100,2,Projectiles\Melee\TheMutilatorHoldoutProjectile.cs:105; Projectiles\Typeless\ClaretCannonProj.cs:51
74,Custom\BoomBoomKawaii.ogg,Custom,Custom,BoomBoomKawaii,自定义/Boss/系统,自定义系统/敌怪/Boss/环境音效；动作：爆炸/爆裂；主题：Boom Boom Kawaii。 首处代码上下文：ObliteratorYoyo.cs。,34.16,264.4,2,44100,1,Projectiles\Melee\Yoyos\ObliteratorYoyo.cs:75
75,Custom\BossRush\BossRushSummon1.ogg,Custom,Custom\BossRush,BossRushSummon1,自定义/Boss/系统,Boss Rush 事件流程；动作：激活/使用/UI；主题：Boss Rush Summon。 代码标识：BossSummonSound。,2.18,36.9,2,44100,1,Events\BossRushEvent.cs:119 (BossSummonSound)
76,Custom\BossRush\BossRushSummon2.ogg,Custom,Custom\BossRush,BossRushSummon2,自定义/Boss/系统,Boss Rush 事件流程；动作：激活/使用/UI；主题：Boss Rush Summon。 代码标识：BossSummonSound。,2.31,37.0,2,44100,1,Events\BossRushEvent.cs:119 (BossSummonSound)
77,Custom\BossRush\BossRushTeleport.ogg,Custom,Custom\BossRush,BossRushTeleport,自定义/Boss/系统,Boss Rush 事件流程；动作：移动/生成/阶段转换；主题：Boss Rush Teleport。 代码标识：TeleportSound。,1.81,27.5,2,44100,1,Events\BossRushEvent.cs:121 (TeleportSound)
78,Custom\BossRush\BossRushTerminusActivate.ogg,Custom,Custom\BossRush,BossRushTerminusActivate,自定义/Boss/系统,Boss Rush 事件流程；动作：激活/使用/UI；主题：Boss Rush Terminus Activate。 代码标识：TerminusActivationSound。,5.81,81.9,2,44100,1,Events\BossRushEvent.cs:123 (TerminusActivationSound)
79,Custom\BossRush\BossRushTerminusCharge.ogg,Custom,Custom\BossRush,BossRushTerminusCharge,自定义/Boss/系统,Boss Rush 事件流程；动作：蓄力/充能/冷却；主题：Boss Rush Terminus Charge。 代码标识：StartBuildupSound。,5.52,78.0,2,44100,1,Events\BossRushEvent.cs:125 (StartBuildupSound)
80,Custom\BossRush\BossRushTerminusDeactivate.ogg,Custom,Custom\BossRush,BossRushTerminusDeactivate,自定义/Boss/系统,Boss Rush 事件流程；动作：激活/使用/UI；主题：Boss Rush Terminus Deactivate。 代码标识：TerminusDeactivationSound。,3.81,54.2,2,44100,1,Events\BossRushEvent.cs:127 (TerminusDeactivationSound)
81,Custom\BossRush\BossRushTier2Transition.ogg,Custom,Custom\BossRush,BossRushTier2Transition,自定义/Boss/系统,Boss Rush 事件流程；动作：激活/使用/UI；主题：Boss Rush Tier2 Transition。 代码标识：Tier2TransitionSound。,2.55,38.1,2,44100,1,Events\BossRushEvent.cs:129 (Tier2TransitionSound)
82,Custom\BossRush\BossRushTier3Transition.ogg,Custom,Custom\BossRush,BossRushTier3Transition,自定义/Boss/系统,Boss Rush 事件流程；动作：激活/使用/UI；主题：Boss Rush Tier3 Transition。 代码标识：Tier3TransitionSound。,2.59,44.9,2,44100,1,Events\BossRushEvent.cs:131 (Tier3TransitionSound)
83,Custom\BossRush\BossRushTier4Transition.ogg,Custom,Custom\BossRush,BossRushTier4Transition,自定义/Boss/系统,Boss Rush 事件流程；动作：激活/使用/UI；主题：Boss Rush Tier4 Transition。 代码标识：Tier4TransitionSound。,3.40,53.9,2,44100,1,Events\BossRushEvent.cs:133 (Tier4TransitionSound)
84,Custom\BossRush\BossRushTier5Transition.ogg,Custom,Custom\BossRush,BossRushTier5Transition,自定义/Boss/系统,Boss Rush 事件流程；动作：激活/使用/UI；主题：Boss Rush Tier5 Transition。 代码标识：Tier5TransitionSound。,5.01,72.6,2,44100,1,Events\BossRushEvent.cs:135 (Tier5TransitionSound)
85,Custom\BossRush\BossRushVictory.ogg,Custom,Custom\BossRush,BossRushVictory,自定义/Boss/系统,Boss Rush 事件流程；动作：通用/特殊；主题：Boss Rush Victory。 代码标识：VictorySound。,5.95,96.8,2,44100,1,Events\BossRushEvent.cs:137 (VictorySound)
86,Custom\BrainOfCthulhu\BoC_Rev_BloodBomb.ogg,Custom,Custom\BrainOfCthulhu,BoC_Rev_BloodBomb,自定义/Boss/系统,Custom\BrainOfCthulhu 专用音效；动作：通用/特殊；主题：Bo C Rev Blood Bomb。 代码标识：BloodBomb。,1.09,22.4,2,44100,1,NPCs\VanillaNPCAIOverrides\Bosses\BrainOfCthulhu\BrainOfCthulhuAI.cs:44 (BloodBomb)
87,Custom\BrainOfCthulhu\BoC_Rev_BloodShot.ogg,Custom,Custom\BrainOfCthulhu,BoC_Rev_BloodShot,自定义/Boss/系统,Custom\BrainOfCthulhu 专用音效；动作：射击/发射；主题：Bo C Rev Blood Shot。 代码标识：BloodShot。,1.29,21.5,2,44100,1,NPCs\VanillaNPCAIOverrides\Bosses\BrainOfCthulhu\BrainOfCthulhuAI.cs:43 (BloodShot)
88,Custom\BrainOfCthulhu\BoC_Rev_Death_Roar.ogg,Custom,Custom\BrainOfCthulhu,BoC_Rev_Death_Roar,自定义/Boss/系统,Custom\BrainOfCthulhu 专用音效；动作：死亡/击杀；主题：Bo C Rev Death Roar。 代码标识：Death。,4.37,66.9,2,44100,1,NPCs\VanillaNPCAIOverrides\Bosses\BrainOfCthulhu\BrainOfCthulhuAI.cs:42 (Death)
89,Custom\BrainOfCthulhu\BoC_Rev_Explosion1.ogg,Custom,Custom\BrainOfCthulhu,BoC_Rev_Explosion1,自定义/Boss/系统,Custom\BrainOfCthulhu 专用音效；动作：爆炸/爆裂；主题：Bo C Rev Explosion。 代码标识：BloodExplosion。,2.37,45.5,2,44100,1,NPCs\VanillaNPCAIOverrides\Bosses\BrainOfCthulhu\BrainOfCthulhuAI.cs:45 (BloodExplosion)
90,Custom\BrainOfCthulhu\BoC_Rev_Explosion2.ogg,Custom,Custom\BrainOfCthulhu,BoC_Rev_Explosion2,自定义/Boss/系统,Custom\BrainOfCthulhu 专用音效；动作：爆炸/爆裂；主题：Bo C Rev Explosion。 代码标识：BloodExplosion。,2.37,44.4,2,44100,1,NPCs\VanillaNPCAIOverrides\Bosses\BrainOfCthulhu\BrainOfCthulhuAI.cs:45 (BloodExplosion)
91,Custom\BrainOfCthulhu\BoC_Rev_Growl1.ogg,Custom,Custom\BrainOfCthulhu,BoC_Rev_Growl1,自定义/Boss/系统,Custom\BrainOfCthulhu 专用音效；动作：吼叫/语音；主题：Bo C Rev Growl。 代码标识：Growl。,3.80,53.0,2,44100,1,NPCs\VanillaNPCAIOverrides\Bosses\BrainOfCthulhu\BrainOfCthulhuAI.cs:41 (Growl)
92,Custom\BrainOfCthulhu\BoC_Rev_Growl2.ogg,Custom,Custom\BrainOfCthulhu,BoC_Rev_Growl2,自定义/Boss/系统,Custom\BrainOfCthulhu 专用音效；动作：吼叫/语音；主题：Bo C Rev Growl。 代码标识：Growl。,3.24,44.7,2,44100,1,NPCs\VanillaNPCAIOverrides\Bosses\BrainOfCthulhu\BrainOfCthulhuAI.cs:41 (Growl)
93,Custom\BrainOfCthulhu\BoC_Rev_Laugh.ogg,Custom,Custom\BrainOfCthulhu,BoC_Rev_Laugh,自定义/Boss/系统,Custom\BrainOfCthulhu 专用音效；动作：吼叫/语音；主题：Bo C Rev Laugh。 代码标识：Laugh。,5.47,87.7,2,44100,1,NPCs\VanillaNPCAIOverrides\Bosses\BrainOfCthulhu\BrainOfCthulhuAI.cs:40 (Laugh)
94,Custom\BrainOfCthulhu\BoC_Rev_Roar.ogg,Custom,Custom\BrainOfCthulhu,BoC_Rev_Roar,自定义/Boss/系统,Custom\BrainOfCthulhu 专用音效；动作：吼叫/语音；主题：Bo C Rev Roar。 代码标识：IntroRoar。,4.25,85.8,2,44100,1,NPCs\VanillaNPCAIOverrides\Bosses\BrainOfCthulhu\BrainOfCthulhuAI.cs:38 (IntroRoar)
95,Custom\BrainOfCthulhu\BoC_Rev_Shield_Down.ogg,Custom,Custom\BrainOfCthulhu,BoC_Rev_Shield_Down,自定义/Boss/系统,Custom\BrainOfCthulhu 专用音效；动作：通用/特殊；主题：Bo C Rev Shield Down。 代码标识：ShieldDown。,2.00,30.7,2,44100,1,NPCs\VanillaNPCAIOverrides\Bosses\BrainOfCthulhu\BrainOfCthulhuAI.cs:36 (ShieldDown)
96,Custom\BrainOfCthulhu\BoC_Rev_Shield_Up.ogg,Custom,Custom\BrainOfCthulhu,BoC_Rev_Shield_Up,自定义/Boss/系统,Custom\BrainOfCthulhu 专用音效；动作：通用/特殊；主题：Bo C Rev Shield Up。 代码标识：ShieldUp。,2.87,39.7,2,44100,1,NPCs\VanillaNPCAIOverrides\Bosses\BrainOfCthulhu\BrainOfCthulhuAI.cs:37 (ShieldUp)
97,Custom\BrainOfCthulhu\BoC_Rev_Short_Roar.ogg,Custom,Custom\BrainOfCthulhu,BoC_Rev_Short_Roar,自定义/Boss/系统,Custom\BrainOfCthulhu 专用音效；动作：吼叫/语音；主题：Bo C Rev Short Roar。 代码标识：Roar。,3.40,66.7,2,44100,1,NPCs\VanillaNPCAIOverrides\Bosses\BrainOfCthulhu\BrainOfCthulhuAI.cs:39 (Roar)
98,Custom\BrainOfCthulhu\BoC_Rev_Stun_Hit1.ogg,Custom,Custom\BrainOfCthulhu,BoC_Rev_Stun_Hit1,自定义/Boss/系统,Custom\BrainOfCthulhu 专用音效；动作：受击/命中/冲击；主题：Bo C Rev Stun Hit。 代码标识：StunnedHit。,1.00,17.6,2,44100,1,NPCs\VanillaNPCAIOverrides\Bosses\BrainOfCthulhu\BrainOfCthulhuAI.cs:35 (StunnedHit)
99,Custom\BrainOfCthulhu\BoC_Rev_Stun_Hit2.ogg,Custom,Custom\BrainOfCthulhu,BoC_Rev_Stun_Hit2,自定义/Boss/系统,Custom\BrainOfCthulhu 专用音效；动作：受击/命中/冲击；主题：Bo C Rev Stun Hit。 代码标识：StunnedHit。,1.00,17.8,2,44100,1,NPCs\VanillaNPCAIOverrides\Bosses\BrainOfCthulhu\BrainOfCthulhuAI.cs:35 (StunnedHit)
100,Custom\BrainOfCthulhu\BoC_Rev_Stun_Hit3.ogg,Custom,Custom\BrainOfCthulhu,BoC_Rev_Stun_Hit3,自定义/Boss/系统,Custom\BrainOfCthulhu 专用音效；动作：受击/命中/冲击；主题：Bo C Rev Stun Hit。 代码标识：StunnedHit。,1.00,18.3,2,44100,1,NPCs\VanillaNPCAIOverrides\Bosses\BrainOfCthulhu\BrainOfCthulhuAI.cs:35 (StunnedHit)
101,Custom\BrimstoneElemental\BrimstoneDartRing1.ogg,Custom,Custom\BrimstoneElemental,BrimstoneDartRing1,自定义/Boss/系统,Custom\BrimstoneElemental 专用音效；动作：激活/使用/UI；主题：Brimstone Dart Ring。 代码标识：DartSound。,0.51,13.9,2,44100,1,NPCs\BrimstoneElemental\BrimstoneElemental.cs:50 (DartSound)
102,Custom\BrimstoneElemental\BrimstoneDartRing2.ogg,Custom,Custom\BrimstoneElemental,BrimstoneDartRing2,自定义/Boss/系统,Custom\BrimstoneElemental 专用音效；动作：激活/使用/UI；主题：Brimstone Dart Ring。 代码标识：DartSound。,0.51,12.5,2,44100,1,NPCs\BrimstoneElemental\BrimstoneElemental.cs:50 (DartSound)
103,Custom\BrimstoneElemental\BrimstoneDartRing3.ogg,Custom,Custom\BrimstoneElemental,BrimstoneDartRing3,自定义/Boss/系统,Custom\BrimstoneElemental 专用音效；动作：激活/使用/UI；主题：Brimstone Dart Ring。 代码标识：DartSound。,0.51,13.9,2,44100,1,NPCs\BrimstoneElemental\BrimstoneElemental.cs:50 (DartSound)
104,Custom\BrimstoneElemental\BrimstoneSpawn.ogg,Custom,Custom\BrimstoneElemental,BrimstoneSpawn,自定义/Boss/系统,Custom\BrimstoneElemental 专用音效；动作：激活/使用/UI；主题：Brimstone Spawn。 代码标识：UseSound。,1.82,28.3,2,48000,1,Items\SummonItems\CharredIdol.cs:15 (UseSound)
105,Custom\BrimstoneElemental\Hellfireball1.ogg,Custom,Custom\BrimstoneElemental,Hellfireball1,自定义/Boss/系统,Custom\BrimstoneElemental 专用音效；动作：射击/发射；主题：Hellfireball。 代码标识：HellfireballSound。,0.51,11.4,2,44100,1,NPCs\BrimstoneElemental\BrimstoneElemental.cs:49 (HellfireballSound)
106,Custom\BrimstoneElemental\Hellfireball2.ogg,Custom,Custom\BrimstoneElemental,Hellfireball2,自定义/Boss/系统,Custom\BrimstoneElemental 专用音效；动作：射击/发射；主题：Hellfireball。 代码标识：HellfireballSound。,0.48,10.8,2,44100,1,NPCs\BrimstoneElemental\BrimstoneElemental.cs:49 (HellfireballSound)
107,Custom\BrimstoneElemental\Hellfireball3.ogg,Custom,Custom\BrimstoneElemental,Hellfireball3,自定义/Boss/系统,Custom\BrimstoneElemental 专用音效；动作：射击/发射；主题：Hellfireball。 代码标识：HellfireballSound。,0.47,10.5,2,44100,1,NPCs\BrimstoneElemental\BrimstoneElemental.cs:49 (HellfireballSound)
108,Custom\BrimstoneElemental\ShellProjectiles1.ogg,Custom,Custom\BrimstoneElemental,ShellProjectiles1,自定义/Boss/系统,Custom\BrimstoneElemental 专用音效；动作：通用/特殊；主题：Shell Projectiles。 代码标识：ShellFireSound。,0.89,12.1,2,44100,1,NPCs\BrimstoneElemental\BrimstoneElemental.cs:52 (ShellFireSound)
109,Custom\BrimstoneElemental\ShellProjectiles2.ogg,Custom,Custom\BrimstoneElemental,ShellProjectiles2,自定义/Boss/系统,Custom\BrimstoneElemental 专用音效；动作：通用/特殊；主题：Shell Projectiles。 代码标识：ShellFireSound。,0.89,12.4,2,44100,1,NPCs\BrimstoneElemental\BrimstoneElemental.cs:52 (ShellFireSound)
110,Custom\BrimstoneElemental\ShellProjectiles3.ogg,Custom,Custom\BrimstoneElemental,ShellProjectiles3,自定义/Boss/系统,Custom\BrimstoneElemental 专用音效；动作：通用/特殊；主题：Shell Projectiles。 代码标识：ShellFireSound。,0.89,11.6,2,44100,1,NPCs\BrimstoneElemental\BrimstoneElemental.cs:52 (ShellFireSound)
111,Custom\BrimstoneElemental\ShellTransform.ogg,Custom,Custom\BrimstoneElemental,ShellTransform,自定义/Boss/系统,Custom\BrimstoneElemental 专用音效；动作：通用/特殊；主题：Shell Transform。 代码标识：HideInShellSound。,0.60,7.4,1,24000,1,NPCs\BrimstoneElemental\BrimstoneElemental.cs:51 (HideInShellSound)
112,Custom\BrimstoneElemental\Teleport.ogg,Custom,Custom\BrimstoneElemental,Teleport,自定义/Boss/系统,Custom\BrimstoneElemental 专用音效；动作：移动/生成/阶段转换；主题：Teleport。 代码标识：TeleportSound。,0.71,8.9,2,24000,1,NPCs\BrimstoneElemental\BrimstoneElemental.cs:48 (TeleportSound)
113,Custom\BubblyBurst.ogg,Custom,Custom,BubblyBurst,自定义/Boss/系统,自定义系统/敌怪/Boss/环境音效；动作：爆炸/爆裂；主题：Bubbly Burst。 未找到直接字符串引用，可能由资源约定、动态路径或遗留资源使用。,0.12,8.9,2,48000,0,
114,Custom\BubblyPop.ogg,Custom,Custom,BubblyPop,自定义/Boss/系统,自定义系统/敌怪/Boss/环境音效；动作：水体/气泡；主题：Bubbly Pop。 代码标识：PopSound。,0.14,4.6,2,22050,1,Projectiles\Ranged\ArcherfishRing.cs:16 (PopSound)
115,Custom\BuzzsawCharge.ogg,Custom,Custom,BuzzsawCharge,自定义/Boss/系统,自定义系统/敌怪/Boss/环境音效；动作：蓄力/充能/冷却；主题：Buzzsaw Charge。 首处代码上下文：BuzzkillHoldout.cs。,2.39,38.8,2,44100,2,Projectiles\Ranged\BuzzkillHoldout.cs:148; Projectiles\Ranged\SuperradiantSlaughtererHoldout.cs:211
116,Custom\BuzzsawIdle.ogg,Custom,Custom,BuzzsawIdle,自定义/Boss/系统,自定义系统/敌怪/Boss/环境音效；动作：循环/开始结束/预警；主题：Buzzsaw Idle。 首处代码上下文：BuzzkillHoldout.cs。,6.40,92.3,2,48000,2,Projectiles\Ranged\BuzzkillHoldout.cs:156; Projectiles\Ranged\SuperradiantSlaughtererHoldout.cs:216
117,Custom\CalamitasClone\BrimstoneFlamethrowerCast.ogg,Custom,Custom\CalamitasClone,BrimstoneFlamethrowerCast,自定义/Boss/系统,Custom\CalamitasClone 专用音效；动作：射击/发射；主题：Brimstone Flamethrower Cast。 代码标识：FlamethrowerStart。,0.88,17.7,2,48000,1,NPCs\CalClone\Cataclysm.cs:30 (FlamethrowerStart)
118,Custom\CalamitasClone\BrimstoneFlamethrowerLoop.ogg,Custom,Custom\CalamitasClone,BrimstoneFlamethrowerLoop,自定义/Boss/系统,Custom\CalamitasClone 专用音效；动作：射击/发射；主题：Brimstone Flamethrower Loop。 代码标识：FlamethrowerLoop。,1.62,31.8,2,44100,1,NPCs\CalClone\Cataclysm.cs:31 (FlamethrowerLoop)
119,Custom\CalamitasClone\BulletHellEnd.ogg,Custom,Custom\CalamitasClone,BulletHellEnd,自定义/Boss/系统,Custom\CalamitasClone 专用音效；动作：循环/开始结束/预警；主题：Bullet Hell End。 代码标识：BulletHellEnd。,2.43,30.9,2,44100,1,NPCs\CalClone\CalamitasClone.cs:43 (BulletHellEnd)
120,Custom\CalamitasClone\BulletHellEnding.ogg,Custom,Custom\CalamitasClone,BulletHellEnding,自定义/Boss/系统,Custom\CalamitasClone 专用音效；动作：循环/开始结束/预警；主题：Bullet Hell Ending。 代码标识：BulletHellWarning。,6.20,69.5,2,48000,1,NPCs\CalClone\CalamitasClone.cs:42 (BulletHellWarning)
121,Custom\CalamitasClone\CalClone_BigFireballBit1.ogg,Custom,Custom\CalamitasClone,CalClone_BigFireballBit1,自定义/Boss/系统,Custom\CalamitasClone 专用音效；动作：射击/发射；主题：Cal Clone Big Fireball Bit。 代码标识：CalamitousFireballSound。,2.05,40.7,2,44100,1,NPCs\CalClone\CalamitasClone.cs:45 (CalamitousFireballSound)
122,Custom\CalamitasClone\CalClone_BigFireballBit2.ogg,Custom,Custom\CalamitasClone,CalClone_BigFireballBit2,自定义/Boss/系统,Custom\CalamitasClone 专用音效；动作：射击/发射；主题：Cal Clone Big Fireball Bit。 代码标识：CalamitousFireballSound。,2.77,50.8,2,44100,1,NPCs\CalClone\CalamitasClone.cs:45 (CalamitousFireballSound)
123,Custom\CalamitasClone\CalClone_BigFireballBit3.ogg,Custom,Custom\CalamitasClone,CalClone_BigFireballBit3,自定义/Boss/系统,Custom\CalamitasClone 专用音效；动作：射击/发射；主题：Cal Clone Big Fireball Bit。 代码标识：CalamitousFireballSound。,2.23,42.9,2,44100,1,NPCs\CalClone\CalamitasClone.cs:45 (CalamitousFireballSound)
124,Custom\CalamitasClone\CalClone_BigFireballBit4.ogg,Custom,Custom\CalamitasClone,CalClone_BigFireballBit4,自定义/Boss/系统,Custom\CalamitasClone 专用音效；动作：射击/发射；主题：Cal Clone Big Fireball Bit。 代码标识：CalamitousFireballSound。,2.49,46.7,2,44100,1,NPCs\CalClone\CalamitasClone.cs:45 (CalamitousFireballSound)
125,Custom\CalamitasClone\CalClone_Explosion1.ogg,Custom,Custom\CalamitasClone,CalClone_Explosion1,自定义/Boss/系统,Custom\CalamitasClone 专用音效；动作：爆炸/爆裂；主题：Cal Clone Explosion。 代码标识：CalamitousExplosionSound。,3.91,72.8,2,44100,1,NPCs\CalClone\CalamitasClone.cs:46 (CalamitousExplosionSound)
126,Custom\CalamitasClone\CalClone_Explosion2.ogg,Custom,Custom\CalamitasClone,CalClone_Explosion2,自定义/Boss/系统,Custom\CalamitasClone 专用音效；动作：爆炸/爆裂；主题：Cal Clone Explosion。 代码标识：CalamitousExplosionSound。,4.14,75.5,2,44100,1,NPCs\CalClone\CalamitasClone.cs:46 (CalamitousExplosionSound)
127,Custom\CalamitasClone\CalClone_Explosion3.ogg,Custom,Custom\CalamitasClone,CalClone_Explosion3,自定义/Boss/系统,Custom\CalamitasClone 专用音效；动作：爆炸/爆裂；主题：Cal Clone Explosion。 代码标识：CalamitousExplosionSound。,3.95,73.1,2,44100,1,NPCs\CalClone\CalamitasClone.cs:46 (CalamitousExplosionSound)
128,Custom\CalamitasClone\CalCloneDash1.ogg,Custom,Custom\CalamitasClone,CalCloneDash1,自定义/Boss/系统,Custom\CalamitasClone 专用音效；动作：激活/使用/UI；主题：Cal Clone Dash。 代码标识：ChargeSound。,1.32,18.9,2,48000,1,NPCs\CalClone\CalamitasClone.cs:44 (ChargeSound)
129,Custom\CalamitasClone\CalCloneDash2.ogg,Custom,Custom\CalamitasClone,CalCloneDash2,自定义/Boss/系统,Custom\CalamitasClone 专用音效；动作：激活/使用/UI；主题：Cal Clone Dash。 代码标识：ChargeSound。,1.32,18.2,2,48000,1,NPCs\CalClone\CalamitasClone.cs:44 (ChargeSound)
130,Custom\CalamitasClone\CalCloneDash3.ogg,Custom,Custom\CalamitasClone,CalCloneDash3,自定义/Boss/系统,Custom\CalamitasClone 专用音效；动作：激活/使用/UI；主题：Cal Clone Dash。 代码标识：ChargeSound。,1.32,17.9,2,48000,1,NPCs\CalClone\CalamitasClone.cs:44 (ChargeSound)
131,Custom\CalamitasClone\CataclysmDeath.ogg,Custom,Custom\CalamitasClone,CataclysmDeath,自定义/Boss/系统,Custom\CalamitasClone 专用音效；动作：死亡/击杀；主题：Cataclysm Death。 代码标识：DeathSound。,0.86,17.9,2,48000,1,NPCs\CalClone\Cataclysm.cs:29 (DeathSound)
132,Custom\CalamitasClone\CataclysmHit1.ogg,Custom,Custom\CalamitasClone,CataclysmHit1,自定义/Boss/系统,Custom\CalamitasClone 专用音效；动作：受击/命中/冲击；主题：Cataclysm Hit。 代码标识：HitSound。,0.44,10.3,2,44100,1,NPCs\CalClone\Cataclysm.cs:28 (HitSound)
133,Custom\CalamitasClone\CataclysmHit2.ogg,Custom,Custom\CalamitasClone,CataclysmHit2,自定义/Boss/系统,Custom\CalamitasClone 专用音效；动作：受击/命中/冲击；主题：Cataclysm Hit。 代码标识：HitSound。,0.46,10.8,2,44100,1,NPCs\CalClone\Cataclysm.cs:28 (HitSound)
134,Custom\CalamitasClone\CataclysmHit3.ogg,Custom,Custom\CalamitasClone,CataclysmHit3,自定义/Boss/系统,Custom\CalamitasClone 专用音效；动作：受击/命中/冲击；主题：Cataclysm Hit。 代码标识：HitSound。,0.46,10.7,2,44100,1,NPCs\CalClone\Cataclysm.cs:28 (HitSound)
135,Custom\CeaselessVoidDeathBuild.ogg,Custom,Custom,CeaselessVoidDeathBuild,自定义/Boss/系统,自定义系统/敌怪/Boss/环境音效；动作：死亡/击杀；主题：Ceaseless Void Death Build。 代码标识：BuildupSound。,4.86,89.2,2,44100,2,NPCs\CeaselessVoid\CeaselessVoid.cs:37 (BuildupSound); Items\Weapons\Ranged\PolarisParrotfish.cs:65 (roar)
136,Custom\CeramicImpact1.ogg,Custom,Custom,CeramicImpact1,自定义/Boss/系统,自定义系统/敌怪/Boss/环境音效；动作：受击/命中/冲击；主题：Ceramic Impact。 首处代码上下文：AbyssBladeProjectile.cs。,0.63,11.8,2,44100,8,Projectiles\Melee\AbyssBladeProjectile.cs:153; Projectiles\Melee\BladecrestOathswordThrownBlade.cs:363; Projectiles\Melee\ExaltedOathbladeThrownBlade.cs:313; 另 5 处
137,Custom\CeramicImpact2.ogg,Custom,Custom,CeramicImpact2,自定义/Boss/系统,自定义系统/敌怪/Boss/环境音效；动作：受击/命中/冲击；主题：Ceramic Impact。 首处代码上下文：AbyssBladeProjectile.cs。,0.51,10.2,2,44100,8,Projectiles\Melee\AbyssBladeProjectile.cs:153; Projectiles\Melee\BladecrestOathswordThrownBlade.cs:363; Projectiles\Melee\ExaltedOathbladeThrownBlade.cs:313; 另 5 处
138,Custom\ChainLightning1.ogg,Custom,Custom,ChainLightning1,自定义/Boss/系统,自定义系统/敌怪/Boss/环境音效；动作：通用/特殊；主题：Chain Lightning。 首处代码上下文：ArcZap.cs。,0.52,11.1,1,44100,1,Projectiles\Typeless\ArcZap.cs:96
139,Custom\ChainLightning2.ogg,Custom,Custom,ChainLightning2,自定义/Boss/系统,自定义系统/敌怪/Boss/环境音效；动作：通用/特殊；主题：Chain Lightning。 首处代码上下文：ArcZap.cs。,0.49,10.5,1,44100,1,Projectiles\Typeless\ArcZap.cs:96
140,Custom\ChainLightning3.ogg,Custom,Custom,ChainLightning3,自定义/Boss/系统,自定义系统/敌怪/Boss/环境音效；动作：通用/特殊；主题：Chain Lightning。 首处代码上下文：ArcZap.cs。,0.48,10.4,1,44100,1,Projectiles\Typeless\ArcZap.cs:96
141,Custom\ChainLightning4.ogg,Custom,Custom,ChainLightning4,自定义/Boss/系统,自定义系统/敌怪/Boss/环境音效；动作：通用/特殊；主题：Chain Lightning。 首处代码上下文：ArcZap.cs。,0.55,10.6,1,44100,1,Projectiles\Typeless\ArcZap.cs:96
142,Custom\ChainsawEnd.ogg,Custom,Custom,ChainsawEnd,自定义/Boss/系统,自定义系统/敌怪/Boss/环境音效；动作：循环/开始结束/预警；主题：Chainsaw End。 代码标识：ChainsawEndSound。,2.62,74.3,2,44100,1,NPCs\Crags\DespairStone.cs:28 (ChainsawEndSound)
143,Custom\ChainsawStart.ogg,Custom,Custom,ChainsawStart,自定义/Boss/系统,自定义系统/敌怪/Boss/环境音效；动作：循环/开始结束/预警；主题：Chainsaw Start。 代码标识：ChainsawStartSound。,7.66,213.2,2,44100,1,NPCs\Crags\DespairStone.cs:26 (ChainsawStartSound)
144,Custom\Codebreaker\AdvancedDisplayInstall.ogg,Custom,Custom\Codebreaker,AdvancedDisplayInstall,自定义/Boss/系统,Codebreaker UI、Draedon 对话和部件安装；动作：激活/使用/UI；主题：Advanced Display Install。 代码标识：InstallSound。,2.52,69.1,2,96000,1,Items\DraedonMisc\AdvancedDisplay.cs:18 (InstallSound)
145,Custom\Codebreaker\AresIconHover.ogg,Custom,Custom\Codebreaker,AresIconHover,自定义/Boss/系统,Codebreaker UI、Draedon 对话和部件安装；动作：激活/使用/UI；主题：Ares Icon Hover。 代码标识：AresHoverSound。,0.57,14.6,2,44100,1,UI\DraedonSummoning\ExoMechSelectionUI.cs:34 (AresHoverSound)
146,Custom\Codebreaker\ArtemisApolloIconHover.ogg,Custom,Custom\Codebreaker,ArtemisApolloIconHover,自定义/Boss/系统,Codebreaker UI、Draedon 对话和部件安装；动作：激活/使用/UI；主题：Artemis Apollo Icon Hover。 代码标识：TwinsHoverSound。,0.84,17.5,2,44100,1,UI\DraedonSummoning\ExoMechSelectionUI.cs:36 (TwinsHoverSound)
147,Custom\Codebreaker\AuricQuantumCoolingCellInstallNew.ogg,Custom,Custom\Codebreaker,AuricQuantumCoolingCellInstallNew,自定义/Boss/系统,Codebreaker UI、Draedon 对话和部件安装；动作：激活/使用/UI；主题：Auric Quantum Cooling Cell Install New。 代码标识：InstallSound。,5.03,106.9,2,96000,1,Items\DraedonMisc\AuricQuantumCoolingCell.cs:20 (InstallSound)
148,Custom\Codebreaker\BloodForHekate.ogg,Custom,Custom\Codebreaker,BloodForHekate,自定义/Boss/系统,Codebreaker UI、Draedon 对话和部件安装；动作：通用/特殊；主题：Blood For Hekate。 代码标识：BloodSound。,1.64,47.9,2,96000,1,UI\DraedonSummoning\CodebreakerUI.cs:100 (BloodSound)
149,Custom\Codebreaker\DecryptionComputerInstall.ogg,Custom,Custom\Codebreaker,DecryptionComputerInstall,自定义/Boss/系统,Codebreaker UI、Draedon 对话和部件安装；动作：激活/使用/UI；主题：Decryption Computer Install。 代码标识：InstallSound。,2.01,52.9,2,96000,1,Items\DraedonMisc\DecryptionComputer.cs:18 (InstallSound)
150,Custom\Codebreaker\DialogOptionHover.ogg,Custom,Custom\Codebreaker,DialogOptionHover,自定义/Boss/系统,Codebreaker UI、Draedon 对话和部件安装；动作：激活/使用/UI；主题：Dialog Option Hover。 代码标识：DialogOptionHoverSound。,0.01,5.0,2,48000,1,UI\DraedonSummoning\CodebreakerUI.Communication.cs:234 (DialogOptionHoverSound)
151,Custom\Codebreaker\DraedonTalk1.ogg,Custom,Custom\Codebreaker,DraedonTalk1,自定义/Boss/系统,Codebreaker UI、Draedon 对话和部件安装；动作：激活/使用/UI；主题：Draedon Talk。 首处代码上下文：CodebreakerUI.Communication.cs。,0.08,6.8,2,44100,1,UI\DraedonSummoning\CodebreakerUI.Communication.cs:241
152,Custom\Codebreaker\DraedonTalk2.ogg,Custom,Custom\Codebreaker,DraedonTalk2,自定义/Boss/系统,Codebreaker UI、Draedon 对话和部件安装；动作：激活/使用/UI；主题：Draedon Talk。 首处代码上下文：CodebreakerUI.Communication.cs。,0.07,6.3,2,44100,1,UI\DraedonSummoning\CodebreakerUI.Communication.cs:242
153,Custom\Codebreaker\DraedonTalk3.ogg,Custom,Custom\Codebreaker,DraedonTalk3,自定义/Boss/系统,Codebreaker UI、Draedon 对话和部件安装；动作：激活/使用/UI；主题：Draedon Talk。 首处代码上下文：CodebreakerUI.Communication.cs。,0.09,6.6,2,44100,1,UI\DraedonSummoning\CodebreakerUI.Communication.cs:243
154,Custom\Codebreaker\ExoMechsIconSelect.ogg,Custom,Custom\Codebreaker,ExoMechsIconSelect,自定义/Boss/系统,Codebreaker UI、Draedon 对话和部件安装；动作：激活/使用/UI；主题：Exo Mechs Icon Select。 代码标识：SelectionSound。,0.21,9.2,2,44100,1,NPCs\ExoMechs\Draedon.cs:84 (SelectionSound)
155,Custom\Codebreaker\LongRangeSensorArrayInstall.ogg,Custom,Custom\Codebreaker,LongRangeSensorArrayInstall,自定义/Boss/系统,Codebreaker UI、Draedon 对话和部件安装；动作：激光/光束；主题：Long Range Sensor Array Install。 代码标识：InstallSound。,2.03,48.9,2,96000,1,Items\DraedonMisc\LongRangedSensorArray.cs:18 (InstallSound)
156,Custom\Codebreaker\ThanatosIconHover.ogg,Custom,Custom\Codebreaker,ThanatosIconHover,自定义/Boss/系统,Codebreaker UI、Draedon 对话和部件安装；动作：激活/使用/UI；主题：Thanatos Icon Hover。 代码标识：ThanatosHoverSound。,0.61,14.4,2,44100,1,UI\DraedonSummoning\ExoMechSelectionUI.cs:32 (ThanatosHoverSound)
157,Custom\Codebreaker\VoltageRegulationSystemInstall.ogg,Custom,Custom\Codebreaker,VoltageRegulationSystemInstall,自定义/Boss/系统,Codebreaker UI、Draedon 对话和部件安装；动作：激活/使用/UI；主题：Voltage Regulation System Install。 代码标识：InstallSound。,3.30,60.1,2,96000,1,Items\DraedonMisc\VoltageRegulationSystem.cs:19 (InstallSound)
158,Custom\CodebreakerBeam.ogg,Custom,Custom,CodebreakerBeam,自定义/Boss/系统,自定义系统/敌怪/Boss/环境音效；动作：激光/光束；主题：Codebreaker Beam。 代码标识：SummonSound。,4.44,97.3,2,44100,1,UI\DraedonSummoning\CodebreakerUI.cs:98 (SummonSound)
159,Custom\CorvinaScream.ogg,Custom,Custom,CorvinaScream,自定义/Boss/系统,自定义系统/敌怪/Boss/环境音效；动作：吼叫/语音；主题：Corvina Scream。 代码标识：ScreamSound。,1.55,22.3,2,48000,1,NPCs\Abyss\LuminousCorvina.cs:27 (ScreamSound)
160,Custom\Crabulon\CrabJump.ogg,Custom,Custom\Crabulon,CrabJump,自定义/Boss/系统,Custom\Crabulon 专用音效；动作：通用/特殊；主题：Crab Jump。 代码标识：JumpSound。,0.69,12.4,2,44100,1,NPCs\Crabulon\Crabulon.cs:45 (JumpSound)
161,Custom\Crabulon\CrabSlam1.ogg,Custom,Custom\Crabulon,CrabSlam1,自定义/Boss/系统,Custom\Crabulon 专用音效；动作：近战挥击/撞击；主题：Crab Slam。 代码标识：SlamSound。,0.94,15.4,2,44100,1,NPCs\Crabulon\Crabulon.cs:46 (SlamSound)
162,Custom\Crabulon\CrabSlam2.ogg,Custom,Custom\Crabulon,CrabSlam2,自定义/Boss/系统,Custom\Crabulon 专用音效；动作：近战挥击/撞击；主题：Crab Slam。 代码标识：SlamSound。,0.90,14.9,2,44100,1,NPCs\Crabulon\Crabulon.cs:46 (SlamSound)
163,Custom\CrateBreak1.ogg,Custom,Custom,CrateBreak1,自定义/Boss/系统,自定义系统/敌怪/Boss/环境音效；动作：采掘/破碎/物块碰撞；主题：Crate Break。 代码标识：MineSound。,0.26,8.2,1,48000,2,Tiles\Abyss\AbyssAmbient\PirateCrate.cs:18 (MineSound); Tiles\Abyss\AbyssAmbient\PirateCrate.cs:83 (MineSound)
164,Custom\CrateBreak2.ogg,Custom,Custom,CrateBreak2,自定义/Boss/系统,自定义系统/敌怪/Boss/环境音效；动作：采掘/破碎/物块碰撞；主题：Crate Break。 代码标识：MineSound。,0.30,8.2,1,48000,2,Tiles\Abyss\AbyssAmbient\PirateCrate.cs:18 (MineSound); Tiles\Abyss\AbyssAmbient\PirateCrate.cs:83 (MineSound)
165,Custom\CrateBreak3.ogg,Custom,Custom,CrateBreak3,自定义/Boss/系统,自定义系统/敌怪/Boss/环境音效；动作：采掘/破碎/物块碰撞；主题：Crate Break。 代码标识：MineSound。,0.32,8.3,1,48000,2,Tiles\Abyss\AbyssAmbient\PirateCrate.cs:18 (MineSound); Tiles\Abyss\AbyssAmbient\PirateCrate.cs:83 (MineSound)
166,Custom\Crow1.ogg,Custom,Custom,Crow1,自定义/Boss/系统,自定义系统/敌怪/Boss/环境音效；动作：通用/特殊；主题：Crow。 代码标识：CrowNoises。,2.36,28.8,1,44100,1,Projectiles\VanillaProjectileOverrides\RavenMinionAI.cs:26 (CrowNoises)
167,Custom\Crow2.ogg,Custom,Custom,Crow2,自定义/Boss/系统,自定义系统/敌怪/Boss/环境音效；动作：通用/特殊；主题：Crow。 代码标识：CrowNoises。,1.22,17.2,1,44100,1,Projectiles\VanillaProjectileOverrides\RavenMinionAI.cs:26 (CrowNoises)
168,Custom\Crow3.ogg,Custom,Custom,Crow3,自定义/Boss/系统,自定义系统/敌怪/Boss/环境音效；动作：通用/特殊；主题：Crow。 代码标识：CrowNoises。,1.84,22.1,1,44100,1,Projectiles\VanillaProjectileOverrides\RavenMinionAI.cs:26 (CrowNoises)
169,Custom\CryogenShieldRegenerate.ogg,Custom,Custom,CryogenShieldRegenerate,自定义/Boss/系统,自定义系统/敌怪/Boss/环境音效；动作：吼叫/语音；主题：Cryogen Shield Regenerate。 代码标识：ShieldRegenSound。,1.18,18.1,2,44100,1,NPCs\Cryogen\Cryogen.cs:51 (ShieldRegenSound)
170,Custom\CuteSqueak.ogg,Custom,Custom,CuteSqueak,自定义/Boss/系统,自定义系统/敌怪/Boss/环境音效；动作：通用/特殊；主题：Cute Squeak。 代码标识：Squeak。,0.27,6.4,1,48000,1,Items\Weapons\Ranged\PolarisParrotfish.cs:22 (Squeak)
171,Custom\DefenseDamage.ogg,Custom,Custom,DefenseDamage,自定义/Boss/系统,自定义系统/敌怪/Boss/环境音效；动作：受击/命中/冲击；主题：Defense Damage。 代码标识：DefenseDamageSound。,0.75,22.7,2,44100,3,CalPlayer\CalamityPlayer.cs:479 (DefenseDamageSound); Projectiles\Melee\MajesticGuardHoldout.cs:190 (fire2); Projectiles\Melee\SkytideDragoonHoldout.cs:297 (fire2)
172,Custom\DesertScourge\DesertScourgeRoar.ogg,Custom,Custom\DesertScourge,DesertScourgeRoar,自定义/Boss/系统,Custom\DesertScourge 专用音效；动作：吼叫/语音；主题：Desert Scourge Roar。 代码标识：RoarSound。,2.53,36.5,2,44100,1,NPCs\DesertScourge\DesertScourgeHead.cs:65 (RoarSound)
173,Custom\DesertScourge\DesertScourgeSandBlast.ogg,Custom,Custom\DesertScourge,DesertScourgeSandBlast,自定义/Boss/系统,Custom\DesertScourge 专用音效；动作：爆炸/爆裂；主题：Desert Scourge Sand Blast。 代码标识：SandBlastSound。,2.86,52.0,2,44100,1,NPCs\DesertScourge\DesertScourgeHead.cs:66 (SandBlastSound)
174,Custom\DesertScourge\DesertScourgeSummon.ogg,Custom,Custom\DesertScourge,DesertScourgeSummon,自定义/Boss/系统,Custom\DesertScourge 专用音效；动作：激活/使用/UI；主题：Desert Scourge Summon。 代码标识：SummonSound。,2.22,34.2,2,44100,1,Items\SummonItems\DesertMedallion.cs:15 (SummonSound)
175,Custom\DevilMaskBreak.ogg,Custom,Custom,DevilMaskBreak,自定义/Boss/系统,自定义系统/敌怪/Boss/环境音效；动作：采掘/破碎/物块碰撞；主题：Devil Mask Break。 代码标识：MaskBreakSound。,0.94,11.9,2,44100,1,NPCs\Abyss\DevilFish.cs:23 (MaskBreakSound)
176,Custom\DevourerAttack.ogg,Custom,Custom,DevourerAttack,自定义/Boss/系统,自定义系统/敌怪/Boss/环境音效；动作：通用/特殊；主题：Devourer Attack。 代码标识：AttackSound。,2.57,47.9,2,44100,1,NPCs\DevourerofGods\DevourerofGodsHead.cs:146 (AttackSound)
177,Custom\DevourerRiftBuilding.ogg,Custom,Custom,DevourerRiftBuilding,自定义/Boss/系统,自定义系统/敌怪/Boss/环境音效；动作：通用/特殊；主题：Devourer Rift Building。 代码标识：RiftBuildingSound。,2.23,31.6,2,48000,1,NPCs\DevourerofGods\DevourerofGodsHead.cs:148 (RiftBuildingSound)
178,Custom\DevourerRiftOpen.ogg,Custom,Custom,DevourerRiftOpen,自定义/Boss/系统,自定义系统/敌怪/Boss/环境音效；动作：激活/使用/UI；主题：Devourer Rift Open。 代码标识：RiftOpenSound。,2.76,25.3,2,48000,1,NPCs\DevourerofGods\DevourerofGodsHead.cs:147 (RiftOpenSound)
179,Custom\DevourerSpawn.ogg,Custom,Custom,DevourerSpawn,自定义/Boss/系统,自定义系统/敌怪/Boss/环境音效；动作：移动/生成/阶段转换；主题：Devourer Spawn。 代码标识：SpawnSound。,7.63,105.6,2,48000,1,NPCs\DevourerofGods\DevourerofGodsHead.cs:145 (SpawnSound)
180,Custom\DifficultySelection\Death_Mode_Select.ogg,Custom,Custom\DifficultySelection,Death_Mode_Select,自定义/Boss/系统,难度选择 UI 音效；动作：死亡/击杀；主题：Death Mode Select。 代码标识：ActivationSound。,5.00,83.2,2,44100,1,Systems\Mechanic\DifficultyModeSystem.cs:561 (ActivationSound)
181,Custom\DifficultySelection\Legendary_Mode_Select.ogg,Custom,Custom\DifficultySelection,Legendary_Mode_Select,自定义/Boss/系统,难度选择 UI 音效；动作：激活/使用/UI；主题：Legendary Mode Select。 代码标识：ActivationSound。,1.19,21.6,2,44100,1,Systems\Mechanic\DifficultyModeSystem.cs:470 (ActivationSound)
182,Custom\DifficultySelection\Malice_Mode_Select.ogg,Custom,Custom\DifficultySelection,Malice_Mode_Select,自定义/Boss/系统,难度选择 UI 音效；动作：激活/使用/UI；主题：Malice Mode Select。 代码标识：ActivationSound。,3.81,66.9,2,44100,1,Systems\Mechanic\DifficultyModeSystem.cs:622 (ActivationSound)
183,Custom\DifficultySelection\Revengeance_Mode_Select.ogg,Custom,Custom\DifficultySelection,Revengeance_Mode_Select,自定义/Boss/系统,难度选择 UI 音效；动作：激活/使用/UI；主题：Revengeance Mode Select。 代码标识：ActivationSound。,3.12,58.0,2,44100,1,Systems\Mechanic\DifficultyModeSystem.cs:505 (ActivationSound)
184,Custom\DoGFireball.ogg,Custom,Custom,DoGFireball,自定义/Boss/系统,自定义系统/敌怪/Boss/环境音效；动作：射击/发射；主题：Do G Fireball。 代码标识：SpawnSound。,0.96,22.5,2,48000,1,Projectiles\Boss\DoGFire.cs:28 (SpawnSound)
185,Custom\DoGLaserWallBigAttack.ogg,Custom,Custom,DoGLaserWallBigAttack,自定义/Boss/系统,自定义系统/敌怪/Boss/环境音效；动作：激光/光束；主题：Do G Laser Wall Big Attack。 代码标识：attack。,1.73,54.5,2,44100,2,Projectiles\Magic\HyperdeathRiftScepterBeam.cs:75 (attack); Projectiles\Typeless\FriendlyLaserWallBeam.cs:80 (attack)
186,Custom\DoGLaserWallBigAttack2.ogg,Custom,Custom,DoGLaserWallBigAttack2,自定义/Boss/系统,自定义系统/敌怪/Boss/环境音效；动作：激光/光束；主题：Do G Laser Wall Big Attack。 代码标识：attack。,3.70,53.9,2,48000,3,Projectiles\Boss\DoGLaserWallsBigBeam.cs:74 (attack); Projectiles\Magic\HyperdeathRiftScepterBeam.cs:75 (attack); Projectiles\Typeless\FriendlyLaserWallBeam.cs:80 (attack)
187,Custom\DoGLaserWallLightAttack.ogg,Custom,Custom,DoGLaserWallLightAttack,自定义/Boss/系统,自定义系统/敌怪/Boss/环境音效；动作：激光/光束；主题：Do G Laser Wall Light Attack。 代码标识：attack。,1.13,32.1,2,44100,2,Projectiles\Boss\DoGLaserWalls.cs:70 (attack); Projectiles\Typeless\FriendlyLaserWallBeam.cs:78 (attack)
188,Custom\DoGLaserWallSpawn.ogg,Custom,Custom,DoGLaserWallSpawn,自定义/Boss/系统,自定义系统/敌怪/Boss/环境音效；动作：激光/光束；主题：Do G Laser Wall Spawn。 代码标识：appear。,0.76,27.1,2,44100,1,Projectiles\Boss\DoGLaserWalls.cs:63 (appear)
189,Custom\DraedonLaugh.ogg,Custom,Custom,DraedonLaugh,自定义/Boss/系统,自定义系统/敌怪/Boss/环境音效；动作：激活/使用/UI；主题：Draedon Laugh。 代码标识：LaughSound。,2.94,62.3,2,44100,1,NPCs\ExoMechs\Draedon.cs:82 (LaughSound)
190,Custom\DraedonTeleport.ogg,Custom,Custom,DraedonTeleport,自定义/Boss/系统,自定义系统/敌怪/Boss/环境音效；动作：激活/使用/UI；主题：Draedon Teleport。 代码标识：TeleportSound。,2.64,49.1,2,44100,1,NPCs\ExoMechs\Draedon.cs:83 (TeleportSound)
191,Custom\ElsterShot1.ogg,Custom,Custom,ElsterShot1,自定义/Boss/系统,自定义系统/敌怪/Boss/环境音效；动作：射击/发射；主题：Elster Shot。 首处代码上下文：LiliesOfFinalityElster.cs。,0.66,13.1,2,48000,1,Projectiles\Summon\LiliesOfFinalityElster.cs:332
192,Custom\ElsterShot2.ogg,Custom,Custom,ElsterShot2,自定义/Boss/系统,自定义系统/敌怪/Boss/环境音效；动作：射击/发射；主题：Elster Shot。 首处代码上下文：LiliesOfFinalityElster.cs。,0.72,14.1,2,48000,1,Projectiles\Summon\LiliesOfFinalityElster.cs:332
193,Custom\ElsterShot3.ogg,Custom,Custom,ElsterShot3,自定义/Boss/系统,自定义系统/敌怪/Boss/环境音效；动作：射击/发射；主题：Elster Shot。 首处代码上下文：LiliesOfFinalityElster.cs。,0.70,17.2,2,48000,1,Projectiles\Summon\LiliesOfFinalityElster.cs:332
194,Custom\ElsterShot4.ogg,Custom,Custom,ElsterShot4,自定义/Boss/系统,自定义系统/敌怪/Boss/环境音效；动作：射击/发射；主题：Elster Shot。 首处代码上下文：LiliesOfFinalityElster.cs。,0.74,17.7,2,48000,1,Projectiles\Summon\LiliesOfFinalityElster.cs:332
195,Custom\ExoMechs\ApolloArtemisTargetSelection.ogg,Custom,Custom\ExoMechs,ApolloArtemisTargetSelection,自定义/Boss/系统,Exo Mechs / Draedon 机械 Boss 音效；动作：激活/使用/UI；主题：Apollo Artemis Target Selection。 代码标识：lockon。,0.15,8.2,2,44100,4,Projectiles\Rogue\SupernovaBomb.cs:125 (lockon); Projectiles\Rogue\SupernovaBomb.cs:132 (lockon); Projectiles\Rogue\SupernovaBomb.cs:168 (lockon); 另 1 处
196,Custom\ExoMechs\ApolloMissileLaunch.ogg,Custom,Custom\ExoMechs,ApolloMissileLaunch,自定义/Boss/系统,Exo Mechs / Draedon 机械 Boss 音效；动作：射击/发射；主题：Apollo Missile Launch。 代码标识：MissileLaunchSound。,1.84,35.5,2,44100,1,NPCs\ExoMechs\Apollo\Apollo.cs:124 (MissileLaunchSound)
197,Custom\ExoMechs\AresCircleLaserEnd.ogg,Custom,Custom\ExoMechs,AresCircleLaserEnd,自定义/Boss/系统,Exo Mechs / Draedon 机械 Boss 音效；动作：激光/光束；主题：Ares Circle Laser End。 代码标识：LaserEndSound。,3.87,59.0,2,44100,1,NPCs\ExoMechs\Ares\AresBody.cs:160 (LaserEndSound)
198,Custom\ExoMechs\AresCircleLaserLoop.ogg,Custom,Custom\ExoMechs,AresCircleLaserLoop,自定义/Boss/系统,Exo Mechs / Draedon 机械 Boss 音效；动作：激光/光束；主题：Ares Circle Laser Loop。 代码标识：LaserLoopSound。,3.04,57.5,2,44100,1,NPCs\ExoMechs\Ares\AresBody.cs:158 (LaserLoopSound)
199,Custom\ExoMechs\AresCircleLaserStart.ogg,Custom,Custom\ExoMechs,AresCircleLaserStart,自定义/Boss/系统,Exo Mechs / Draedon 机械 Boss 音效；动作：激光/光束；主题：Ares Circle Laser Start。 代码标识：LaserStartSound。,3.87,69.6,2,44100,1,NPCs\ExoMechs\Ares\AresBody.cs:156 (LaserStartSound)
200,Custom\ExoMechs\AresEnraged.ogg,Custom,Custom\ExoMechs,AresEnraged,自定义/Boss/系统,Exo Mechs / Draedon 机械 Boss 音效；动作：通用/特殊；主题：Ares Enraged。 代码标识：EnragedSound。,3.47,164.4,2,44100,1,NPCs\ExoMechs\Ares\AresBody.cs:154 (EnragedSound)
201,Custom\ExoMechs\AresGaussNukeArmCharge.ogg,Custom,Custom\ExoMechs,AresGaussNukeArmCharge,自定义/Boss/系统,Exo Mechs / Draedon 机械 Boss 音效；动作：爆炸/爆裂；主题：Ares Gauss Nuke Arm Charge。 代码标识：TelSound。,3.05,51.3,2,44100,1,NPCs\ExoMechs\Ares\AresGaussNuke.cs:71 (TelSound)
202,Custom\ExoMechs\AresGaussNukeExplosion.ogg,Custom,Custom\ExoMechs,AresGaussNukeExplosion,自定义/Boss/系统,Exo Mechs / Draedon 机械 Boss 音效；动作：爆炸/爆裂；主题：Ares Gauss Nuke Explosion。 代码标识：gfbExplosion。,2.85,48.8,2,44100,2,Projectiles\Rogue\DestructionStar.cs:176 (gfbExplosion); NPCs\ExoMechs\Ares\AresGaussNuke.cs:73 (NukeExplosionSound)
203,Custom\ExoMechs\AresLaserArmCharge.ogg,Custom,Custom\ExoMechs,AresLaserArmCharge,自定义/Boss/系统,Exo Mechs / Draedon 机械 Boss 音效；动作：激光/光束；主题：Ares Laser Arm Charge。 代码标识：laserCharge。,3.05,73.2,2,44100,2,Projectiles\Summon\StellarTorusSummon.cs:88 (laserCharge); NPCs\ExoMechs\Ares\AresLaserCannon.cs:73 (TelSound)
204,Custom\ExoMechs\AresLaserArmShoot.ogg,Custom,Custom\ExoMechs,AresLaserArmShoot,自定义/Boss/系统,Exo Mechs / Draedon 机械 Boss 音效；动作：射击/发射；主题：Ares Laser Arm Shoot。 代码标识：LaserbeamShootSound。,2.34,45.5,2,44100,1,NPCs\ExoMechs\Ares\AresLaserCannon.cs:75 (LaserbeamShootSound)
205,Custom\ExoMechs\AresPlasmaArmCharge.ogg,Custom,Custom\ExoMechs,AresPlasmaArmCharge,自定义/Boss/系统,Exo Mechs / Draedon 机械 Boss 音效；动作：蓄力/充能/冷却；主题：Ares Plasma Arm Charge。 代码标识：TelSound。,3.05,45.5,2,44100,1,NPCs\ExoMechs\Ares\AresPlasmaFlamethrower.cs:69 (TelSound)
206,Custom\ExoMechs\AresTeslaArmCharge.ogg,Custom,Custom\ExoMechs,AresTeslaArmCharge,自定义/Boss/系统,Exo Mechs / Draedon 机械 Boss 音效；动作：蓄力/充能/冷却；主题：Ares Tesla Arm Charge。 代码标识：TelSound。,3.05,56.6,2,44100,1,NPCs\ExoMechs\Ares\AresTeslaCannon.cs:69 (TelSound)
207,Custom\ExoMechs\ArtemisApolloDash.ogg,Custom,Custom\ExoMechs,ArtemisApolloDash,自定义/Boss/系统,Exo Mechs / Draedon 机械 Boss 音效；动作：移动/生成/阶段转换；主题：Artemis Apollo Dash。 代码标识：fire。,1.05,21.9,2,44100,3,Projectiles\Magic\OmicronBeam.cs:155 (fire); NPCs\ExoMechs\Artemis\Artemis.cs:35 (ChargeSound); Items\Mounts\ExoTank.cs:27 (MissileLaunchSound)
208,Custom\ExoMechs\ArtemisApolloDashTelegraph.ogg,Custom,Custom\ExoMechs,ArtemisApolloDashTelegraph,自定义/Boss/系统,Exo Mechs / Draedon 机械 Boss 音效；动作：移动/生成/阶段转换；主题：Artemis Apollo Dash Telegraph。 代码标识：ChargeTelegraphSound。,0.69,15.4,2,44100,1,NPCs\ExoMechs\Artemis\Artemis.cs:37 (ChargeTelegraphSound)
209,Custom\ExoMechs\ArtemisShotgunLaser.ogg,Custom,Custom\ExoMechs,ArtemisShotgunLaser,自定义/Boss/系统,Exo Mechs / Draedon 机械 Boss 音效；动作：射击/发射；主题：Artemis Shotgun Laser。 代码标识：LaserShotgunSound。,1.06,23.1,2,96000,1,NPCs\ExoMechs\Artemis\Artemis.cs:41 (LaserShotgunSound)
210,Custom\ExoMechs\ArtemisSpinLaserbeam.ogg,Custom,Custom\ExoMechs,ArtemisSpinLaserbeam,自定义/Boss/系统,Exo Mechs / Draedon 机械 Boss 音效；动作：激光/光束；主题：Artemis Spin Laserbeam。 代码标识：SpinLaserbeamSound。,4.10,105.5,2,192000,1,NPCs\ExoMechs\Artemis\Artemis.cs:43 (SpinLaserbeamSound)
211,Custom\ExoMechs\ExoLaserShoot.ogg,Custom,Custom\ExoMechs,ExoLaserShoot,自定义/Boss/系统,Exo Mechs / Draedon 机械 Boss 音效；动作：射击/发射；主题：Exo Laser Shoot。 代码标识：ExoLaserShootSound。,0.66,17.2,2,96000,2,Sounds\CommonCalamitySounds.cs:13 (ExoLaserShootSound); Projectiles\Ranged\TauCannonHoldout.cs:72 (BoltShootSound)
212,Custom\ExoMechs\ExoPlasmaExplosion1.ogg,Custom,Custom\ExoMechs,ExoPlasmaExplosion1,自定义/Boss/系统,Exo Mechs / Draedon 机械 Boss 音效；动作：爆炸/爆裂；主题：Exo Plasma Explosion。 代码标识：ExoPlasmaExplosionSound。,1.13,21.2,2,96000,1,Sounds\CommonCalamitySounds.cs:14 (ExoPlasmaExplosionSound)
213,Custom\ExoMechs\ExoPlasmaExplosion2.ogg,Custom,Custom\ExoMechs,ExoPlasmaExplosion2,自定义/Boss/系统,Exo Mechs / Draedon 机械 Boss 音效；动作：爆炸/爆裂；主题：Exo Plasma Explosion。 代码标识：ExoPlasmaExplosionSound。,1.17,21.5,2,96000,1,Sounds\CommonCalamitySounds.cs:14 (ExoPlasmaExplosionSound)
214,Custom\ExoMechs\ExoPlasmaShoot.ogg,Custom,Custom\ExoMechs,ExoPlasmaShoot,自定义/Boss/系统,Exo Mechs / Draedon 机械 Boss 音效；动作：射击/发射；主题：Exo Plasma Shoot。 代码标识：ExoPlasmaShootSound。,1.29,21.6,2,44100,1,Sounds\CommonCalamitySounds.cs:15 (ExoPlasmaShootSound)
215,Custom\ExoMechs\ExoTwinsEject.ogg,Custom,Custom\ExoMechs,ExoTwinsEject,自定义/Boss/系统,Exo Mechs / Draedon 机械 Boss 音效；动作：通用/特殊；主题：Exo Twins Eject。 代码标识：LensSound。,3.10,48.7,2,44100,1,NPCs\ExoMechs\Artemis\Artemis.cs:39 (LensSound)
216,Custom\ExoMechs\TeslaShoot1.ogg,Custom,Custom\ExoMechs,TeslaShoot1,自定义/Boss/系统,Exo Mechs / Draedon 机械 Boss 音效；动作：射击/发射；主题：Tesla Shoot。 首处代码上下文：CalamityPlayerMiscEffects.cs。,0.88,20.1,2,96000,6,CalPlayer\CalamityPlayerMiscEffects.cs:1034; NPCs\CalamityGlobalNPC.cs:3433; Projectiles\CalamityGlobalProjectile.cs:4032; 另 3 处
217,Custom\ExoMechs\TeslaShoot2.ogg,Custom,Custom\ExoMechs,TeslaShoot2,自定义/Boss/系统,Exo Mechs / Draedon 机械 Boss 音效；动作：射击/发射；主题：Tesla Shoot。 代码标识：TeslaOrbShootSound。,0.87,20.0,2,96000,1,NPCs\ExoMechs\Ares\AresTeslaCannon.cs:71 (TeslaOrbShootSound)
218,Custom\ExoMechs\ThanatosVent.ogg,Custom,Custom\ExoMechs,ThanatosVent,自定义/Boss/系统,Exo Mechs / Draedon 机械 Boss 音效；动作：通用/特殊；主题：Thanatos Vent。 代码标识：CoolingDownSound。,3.15,44.6,2,44100,2,Projectiles\Ranged\TauCannonHoldout.cs:75 (CoolingDownSound); NPCs\ExoMechs\Thanatos\ThanatosHead.cs:32 (VentSound)
219,Custom\ExoMechs\THanosGFBeam.ogg,Custom,Custom\ExoMechs,THanosGFBeam,自定义/Boss/系统,Exo Mechs / Draedon 机械 Boss 音效；动作：激光/光束；主题：T Hanos GF Beam。 代码标识：GFBeam。,8.93,121.7,2,44100,1,NPCs\ExoMechs\Thanatos\ThanatosHead.cs:36 (GFBeam)
220,Custom\ExoMechs\THanosLaser.ogg,Custom,Custom\ExoMechs,THanosLaser,自定义/Boss/系统,Exo Mechs / Draedon 机械 Boss 音效；动作：激光/光束；主题：T Hanos Laser。 代码标识：LaserSound。,6.80,91.6,2,44100,1,NPCs\ExoMechs\Thanatos\ThanatosHead.cs:34 (LaserSound)
221,Custom\FlamethrowerTurret.ogg,Custom,Custom,FlamethrowerTurret,自定义/Boss/系统,自定义系统/敌怪/Boss/环境音效；动作：射击/发射；主题：Flamethrower Turret。 首处代码上下文：FireShot.cs。,0.51,35.1,2,44100,1,Projectiles\Turret\FireShot.cs:52
222,Custom\GFB\GrandDad.ogg,Custom,Custom\GFB,GrandDad,自定义/Boss/系统,Get fixed boi / Zenith world 彩蛋音效；动作：通用/特殊；主题：Grand Dad。 代码标识：GrandDadEasterEggSound。,1.24,20.4,2,48000,1,Items\Weapons\Melee\GrandDad.cs:23 (GrandDadEasterEggSound)
223,Custom\GFB\HeComes.ogg,Custom,Custom\GFB,HeComes,自定义/Boss/系统,Get fixed boi / Zenith world 彩蛋音效；动作：通用/特殊；主题：He Comes。 代码标识：h。,0.76,32.5,2,44100,1,Projectiles\Summon\OldDukeHeadCorpse.cs:61 (h)
224,Custom\GFB\Jesus.ogg,Custom,Custom\GFB,Jesus,自定义/Boss/系统,Get fixed boi / Zenith world 彩蛋音效；动作：通用/特殊；主题：Jesus。 代码标识：gong。,3.24,62.5,2,44100,1,Projectiles\Rogue\ExorcismProj.cs:358 (gong)
225,Custom\GFB\LeonDeathNoiseRE4.ogg,Custom,Custom\GFB,LeonDeathNoiseRE4,自定义/Boss/系统,Get fixed boi / Zenith world 彩蛋音效；动作：死亡/击杀；主题：Leon Death Noise RE。 代码标识：LeonDeathNoiseRE4_ForGFB。,2.13,78.8,2,44100,1,CalPlayer\CalamityPlayer.cs:483 (LeonDeathNoiseRE4_ForGFB)
226,Custom\GFB\SevenTrebleClefSouls.ogg,Custom,Custom\GFB,SevenTrebleClefSouls,自定义/Boss/系统,Get fixed boi / Zenith world 彩蛋音效；动作：通用/特殊；主题：Seven Treble Clef Souls。 首处代码上下文：AnahitasArpeggioNote.cs。,40.30,606.4,2,48000,2,Projectiles\Magic\AnahitasArpeggioNote.cs:75; Projectiles\Magic\AnahitasArpeggioNote.cs:83
227,Custom\GFB\YouAreNotSafe.ogg,Custom,Custom\GFB,YouAreNotSafe,自定义/Boss/系统,Get fixed boi / Zenith world 彩蛋音效；动作：通用/特殊；主题：You Are Not Safe。 代码标识：h。,9.06,424.5,2,44100,1,Projectiles\Summon\OldDukeHeadCorpse.cs:87 (h)
228,Custom\GildedAxolotlAlert.ogg,Custom,Custom,GildedAxolotlAlert,自定义/Boss/系统,自定义系统/敌怪/Boss/环境音效；动作：通用/特殊；主题：Gilded Axolotl Alert。 未找到直接字符串引用，可能由资源约定、动态路径或遗留资源使用。,0.34,8.3,2,48000,0,
229,Custom\GildedAxolotlNeuronActivation.ogg,Custom,Custom,GildedAxolotlNeuronActivation,自定义/Boss/系统,自定义系统/敌怪/Boss/环境音效；动作：激活/使用/UI；主题：Gilded Axolotl Neuron Activation。 未找到直接字符串引用，可能由资源约定、动态路径或遗留资源使用。,0.57,12.5,2,48000,0,
230,Custom\GildedAxolotlVocalStim1.ogg,Custom,Custom,GildedAxolotlVocalStim1,自定义/Boss/系统,自定义系统/敌怪/Boss/环境音效；动作：吼叫/语音；主题：Gilded Axolotl Vocal Stim。 未找到直接字符串引用，可能由资源约定、动态路径或遗留资源使用。,0.36,8.7,2,48000,0,
231,Custom\GildedAxolotlVocalStim2.ogg,Custom,Custom,GildedAxolotlVocalStim2,自定义/Boss/系统,自定义系统/敌怪/Boss/环境音效；动作：吼叫/语音；主题：Gilded Axolotl Vocal Stim。 未找到直接字符串引用，可能由资源约定、动态路径或遗留资源使用。,0.60,12.0,2,48000,0,
232,Custom\GravistarCharge.ogg,Custom,Custom,GravistarCharge,自定义/Boss/系统,自定义系统/敌怪/Boss/环境音效；动作：蓄力/充能/冷却；主题：Gravistar Charge。 首处代码上下文：CalamityPlayer.cs。,1.23,53.7,2,44100,1,CalPlayer\CalamityPlayer.cs:4347
233,Custom\GravistarSlam.ogg,Custom,Custom,GravistarSlam,自定义/Boss/系统,自定义系统/敌怪/Boss/环境音效；动作：近战挥击/撞击；主题：Gravistar Slam。 首处代码上下文：StomperSlam.cs。,2.64,139.0,2,44100,1,Projectiles\Typeless\StomperSlam.cs:45
234,Custom\GreatSandSharkRoar.ogg,Custom,Custom,GreatSandSharkRoar,自定义/Boss/系统,自定义系统/敌怪/Boss/环境音效；动作：吼叫/语音；主题：Great Sand Shark Roar。 代码标识：RoarSound。,2.67,103.4,2,44100,1,NPCs\GreatSandShark\GreatSandShark.cs:27 (RoarSound)
235,Custom\GungeonCreditMusic.ogg,Custom,Custom,GungeonCreditMusic,自定义/Boss/系统,自定义系统/敌怪/Boss/环境音效；动作：激活/使用/UI；主题：Gungeon Credit Music。 代码标识：GungeonTrack。,37.65,986.7,2,48000,1,Systems\Sound\GungeonMusicSystem.cs:12 (GungeonTrack)
236,Custom\HeavenlyGaleLightningStrike.ogg,Custom,Custom,HeavenlyGaleLightningStrike,自定义/Boss/系统,自定义系统/敌怪/Boss/环境音效；动作：通用/特殊；主题：Heavenly Gale Lightning Strike。 代码标识：LightningStrikeSound。,2.97,53.8,2,44100,1,Items\Weapons\Ranged\HeavenlyGale.cs:36 (LightningStrikeSound)
237,Custom\HiveMindRoar.ogg,Custom,Custom,HiveMindRoar,自定义/Boss/系统,自定义系统/敌怪/Boss/环境音效；动作：吼叫/语音；主题：Hive Mind Roar。 代码标识：RoarSound。,2.28,42.0,2,44100,1,NPCs\HiveMind\HiveMind.cs:94 (RoarSound)
238,Custom\HiveMindRoarFast.ogg,Custom,Custom,HiveMindRoarFast,自定义/Boss/系统,自定义系统/敌怪/Boss/环境音效；动作：吼叫/语音；主题：Hive Mind Roar Fast。 代码标识：FastRoarSound。,1.20,24.0,2,44100,1,NPCs\HiveMind\HiveMind.cs:95 (FastRoarSound)
239,Custom\IjiDies.ogg,Custom,Custom,IjiDies,自定义/Boss/系统,自定义系统/敌怪/Boss/环境音效；动作：死亡/击杀；主题：Iji Dies。 代码标识：IjiDeathSound。,0.90,9.5,1,22050,1,CalPlayer\CalamityPlayer.cs:481 (IjiDeathSound)
240,Custom\Kickball.ogg,Custom,Custom,Kickball,自定义/Boss/系统,自定义系统/敌怪/Boss/环境音效；动作：通用/特殊；主题：Kickball。 代码标识：b。,0.73,20.0,2,44100,1,Projectiles\Boss\SupremeCataclysmFist.cs:283 (b)
241,Custom\KingSlimeJewelSpawn.ogg,Custom,Custom,KingSlimeJewelSpawn,自定义/Boss/系统,自定义系统/敌怪/Boss/环境音效；动作：移动/生成/阶段转换；主题：King Slime Jewel Spawn。 代码标识：SpawnCrystalSound。,2.07,62.0,2,44100,1,NPCs\VanillaNPCAIOverrides\Bosses\KingSlimeAI.cs:15 (SpawnCrystalSound)
242,Custom\LeviathanEmerge.ogg,Custom,Custom,LeviathanEmerge,自定义/Boss/系统,自定义系统/敌怪/Boss/环境音效；动作：移动/生成/阶段转换；主题：Leviathan Emerge。 代码标识：EmergeSound。,5.02,87.5,2,96000,1,NPCs\Leviathan\Leviathan.cs:50 (EmergeSound)
243,Custom\LeviathanRoarCharge.ogg,Custom,Custom,LeviathanRoarCharge,自定义/Boss/系统,自定义系统/敌怪/Boss/环境音效；动作：蓄力/充能/冷却；主题：Leviathan Roar Charge。 代码标识：RoarChargeSound。,3.92,55.4,2,44100,1,NPCs\Leviathan\Leviathan.cs:49 (RoarChargeSound)
244,Custom\LeviathanRoarMeteor.ogg,Custom,Custom,LeviathanRoarMeteor,自定义/Boss/系统,自定义系统/敌怪/Boss/环境音效；动作：吼叫/语音；主题：Leviathan Roar Meteor。 代码标识：RoarMeteorSound。,3.96,52.9,2,44100,1,NPCs\Leviathan\Leviathan.cs:48 (RoarMeteorSound)
245,Custom\LeviathanRumble.ogg,Custom,Custom,LeviathanRumble,自定义/Boss/系统,自定义系统/敌怪/Boss/环境音效；动作：通用/特殊；主题：Leviathan Rumble。 代码标识：RumbleSound。,3.97,48.4,2,96000,1,Projectiles\Boss\LeviathanSpawner.cs:21 (RumbleSound)
246,Custom\LightningStrike.ogg,Custom,Custom,LightningStrike,自定义/Boss/系统,自定义系统/敌怪/Boss/环境音效；动作：通用/特殊；主题：Lightning Strike。 代码标识：LightningSound。,3.23,54.2,2,44100,2,Sounds\CommonCalamitySounds.cs:21 (LightningSound); Items\Weapons\Rogue\StormfrontRazor.cs:15 (LightningStrikeSound)
247,Custom\LightningTelegraph.ogg,Custom,Custom,LightningTelegraph,自定义/Boss/系统,自定义系统/敌怪/Boss/环境音效；动作：循环/开始结束/预警；主题：Lightning Telegraph。 代码标识：lightning。,2.30,34.0,2,44100,1,NPCs\StormWeaver\StormWeaverHead.cs:556 (lightning)
248,Custom\LiliesOfFinalityTileHitSound.ogg,Custom,Custom,LiliesOfFinalityTileHitSound,自定义/Boss/系统,自定义系统/敌怪/Boss/环境音效；动作：受击/命中/冲击；主题：Lilies Of Finality Tile Hit Sound。 代码标识：HitSound。,3.60,49.2,2,48000,1,Tiles\Crags\LiliesOfFinalityTile.cs:28 (HitSound)
249,Custom\LoudSwingWoosh.ogg,Custom,Custom,LoudSwingWoosh,自定义/Boss/系统,自定义系统/敌怪/Boss/环境音效；动作：近战挥击/撞击；主题：Loud Swing Woosh。 首处代码上下文：RoxcaliburProj.cs。,0.35,11.0,2,44100,3,Projectiles\Melee\RoxcaliburProj.cs:114; Projectiles\Summon\MirrorofKalandraMinions\AtzirisDisfavor.cs:81 (swing); Items\Accessories\WulfrumAcrobaticsPack.cs:532 (swing)
250,Custom\MagicalRockMine1.ogg,Custom,Custom,MagicalRockMine1,自定义/Boss/系统,自定义系统/敌怪/Boss/环境音效；动作：采掘/破碎/物块碰撞；主题：Magical Rock Mine。 代码标识：MineSound。,0.52,26.0,2,44100,1,Tiles\Ores\AerialiteOre.cs:14 (MineSound)
251,Custom\MagicalRockMine2.ogg,Custom,Custom,MagicalRockMine2,自定义/Boss/系统,自定义系统/敌怪/Boss/环境音效；动作：采掘/破碎/物块碰撞；主题：Magical Rock Mine。 代码标识：MineSound。,0.48,24.4,2,44100,1,Tiles\Ores\AerialiteOre.cs:14 (MineSound)
252,Custom\MagicalRockMine3.ogg,Custom,Custom,MagicalRockMine3,自定义/Boss/系统,自定义系统/敌怪/Boss/环境音效；动作：采掘/破碎/物块碰撞；主题：Magical Rock Mine。 代码标识：MineSound。,0.52,24.9,2,44100,1,Tiles\Ores\AerialiteOre.cs:14 (MineSound)
253,Custom\MaulerRoar.ogg,Custom,Custom,MaulerRoar,自定义/Boss/系统,自定义系统/敌怪/Boss/环境音效；动作：吼叫/语音；主题：Mauler Roar。 代码标识：RoarSound。,1.70,26.4,2,44100,1,NPCs\AcidRain\Mauler.cs:50 (RoarSound)
254,Custom\MeatySlash.ogg,Custom,Custom,MeatySlash,自定义/Boss/系统,自定义系统/敌怪/Boss/环境音效；动作：近战挥击/撞击；主题：Meaty Slash。 代码标识：MeatySlashSound。,0.94,13.6,1,44100,3,Sounds\CommonCalamitySounds.cs:24 (MeatySlashSound); Projectiles\Melee\LucreciaHoldout.cs:191 (swish); Projectiles\Ranged\SuperradiantSlaughtererHoldout.cs:82
255,Custom\MetalPipeFalling.ogg,Custom,Custom,MetalPipeFalling,自定义/Boss/系统,自定义系统/敌怪/Boss/环境音效；动作：通用/特殊；主题：Metal Pipe Falling。 代码标识：TileCollideGFB。,2.72,46.3,2,44100,2,Projectiles\Ranged\BuzzkillSaw.cs:18 (TileCollideGFB); Projectiles\Ranged\SuperradiantSaw.cs:20 (TileCollideGFB)
256,Custom\MicrowaveBeep.ogg,Custom,Custom,MicrowaveBeep,自定义/Boss/系统,自定义系统/敌怪/Boss/环境音效；动作：通用/特殊；主题：Microwave Beep。 代码标识：BeepSound。,0.55,11.5,2,44100,1,Items\Weapons\Melee\TheMicrowave.cs:13 (BeepSound)
257,Custom\MMMMMMMMMMMMM.ogg,Custom,Custom,MMMMMMMMMMMMM,自定义/Boss/系统,自定义系统/敌怪/Boss/环境音效；动作：通用/特殊；主题：MMMMMMMMMMMMM。 代码标识：MMMSound。,0.10,6.5,2,44100,1,Items\Weapons\Melee\TheMicrowave.cs:14 (MMMSound)
258,Custom\MoonLordLaserCharge.ogg,Custom,Custom,MoonLordLaserCharge,自定义/Boss/系统,自定义系统/敌怪/Boss/环境音效；动作：激光/光束；主题：Moon Lord Laser Charge。 首处代码上下文：RancorMagicCircle.cs。,2.29,25.6,1,44100,2,Projectiles\Magic\RancorMagicCircle.cs:160; NPCs\VanillaNPCAIOverrides\Bosses\MoonLordAI.cs:18 (DeathrayChargeSound)
259,Custom\MossMine.ogg,Custom,Custom,MossMine,自定义/Boss/系统,自定义系统/敌怪/Boss/环境音效；动作：采掘/破碎/物块碰撞；主题：Moss Mine。 未找到直接字符串引用，可能由资源约定、动态路径或遗留资源使用。,0.30,10.2,2,44100,0,
260,Custom\NuclearTerrorSpawn.ogg,Custom,Custom,NuclearTerrorSpawn,自定义/Boss/系统,自定义系统/敌怪/Boss/环境音效；动作：移动/生成/阶段转换；主题：Nuclear Terror Spawn。 代码标识：SpawnSound。,4.94,86.5,2,44100,1,NPCs\AcidRain\NuclearTerror.cs:83 (SpawnSound)
261,Custom\OldDukeDash.ogg,Custom,Custom,OldDukeDash,自定义/Boss/系统,自定义系统/敌怪/Boss/环境音效；动作：移动/生成/阶段转换；主题：Old Duke Dash。 代码标识：DashSound。,1.95,67.9,2,44100,1,NPCs\OldDuke\OldDuke.cs:61 (DashSound)
262,Custom\OldDukeDashP3.ogg,Custom,Custom,OldDukeDashP3,自定义/Boss/系统,自定义系统/敌怪/Boss/环境音效；动作：移动/生成/阶段转换；主题：Old Duke Dash P。 代码标识：DashSoundP3。,3.56,79.8,2,44100,1,NPCs\OldDuke\OldDuke.cs:62 (DashSoundP3)
263,Custom\OldDukeHuff.ogg,Custom,Custom,OldDukeHuff,自定义/Boss/系统,自定义系统/敌怪/Boss/环境音效；动作：通用/特殊；主题：Old Duke Huff。 代码标识：tired。,0.58,10.6,2,44100,4,Projectiles\Ranged\FetidEmesisHoldout.cs:144 (tired); Projectiles\Summon\MutatedTruffleMinion.cs:229; NPCs\OldDuke\OldDuke.cs:57 (HuffSound); 另 1 处
264,Custom\OldDukeRoar.ogg,Custom,Custom,OldDukeRoar,自定义/Boss/系统,自定义系统/敌怪/Boss/环境音效；动作：吼叫/语音；主题：Old Duke Roar。 首处代码上下文：MutatedTruffleMinion.cs。,1.99,29.9,2,44100,2,Projectiles\Summon\MutatedTruffleMinion.cs:233; NPCs\OldDuke\OldDuke.cs:58 (RoarSound)
265,Custom\OldDukeVomit.ogg,Custom,Custom,OldDukeVomit,自定义/Boss/系统,自定义系统/敌怪/Boss/环境音效；动作：通用/特殊；主题：Old Duke Vomit。 首处代码上下文：MutatedTruffleMinion.cs。,1.68,31.3,2,44100,2,Projectiles\Summon\MutatedTruffleMinion.cs:241; NPCs\OldDuke\OldDuke.cs:59 (VomitSound)
266,Custom\OldDukeVortex.ogg,Custom,Custom,OldDukeVortex,自定义/Boss/系统,自定义系统/敌怪/Boss/环境音效；动作：通用/特殊；主题：Old Duke Vortex。 代码标识：SpawnSound。,2.89,45.5,2,44100,2,Projectiles\Boss\OldDukeVortex.cs:20 (SpawnSound); Projectiles\Summon\MutatedTruffleVortex.cs:61
267,Custom\OldDukeVortexSpawn.ogg,Custom,Custom,OldDukeVortexSpawn,自定义/Boss/系统,自定义系统/敌怪/Boss/环境音效；动作：移动/生成/阶段转换；主题：Old Duke Vortex Spawn。 代码标识：VortexSpawnSound。,4.98,169.3,2,44100,1,NPCs\OldDuke\OldDuke.cs:60 (VortexSpawnSound)
268,Custom\OrbHeal1.ogg,Custom,Custom,OrbHeal1,自定义/Boss/系统,自定义系统/敌怪/Boss/环境音效；动作：通用/特殊；主题：Orb Heal。 代码标识：Spawnsound。,1.22,17.8,1,44100,3,Projectiles\Healing\BlueJellyAura.cs:23 (Spawnsound); Projectiles\Healing\GladiatorHealOrb.cs:82; Projectiles\Healing\PinkJellyAura.cs:21 (Spawnsound)
269,Custom\OrbHeal2.ogg,Custom,Custom,OrbHeal2,自定义/Boss/系统,自定义系统/敌怪/Boss/环境音效；动作：通用/特殊；主题：Orb Heal。 首处代码上下文：GladiatorHealOrb.cs。,1.18,17.8,1,44100,1,Projectiles\Healing\GladiatorHealOrb.cs:82
270,Custom\OrbHeal3.ogg,Custom,Custom,OrbHeal3,自定义/Boss/系统,自定义系统/敌怪/Boss/环境音效；动作：通用/特殊；主题：Orb Heal。 代码标识：Spawnsound。,1.23,18.1,1,44100,3,Projectiles\Healing\AbsorberAura.cs:26 (Spawnsound); Projectiles\Healing\GladiatorHealOrb.cs:82; Projectiles\Healing\GreenJellyAura.cs:24 (Spawnsound)
271,Custom\OrbHeal4.ogg,Custom,Custom,OrbHeal4,自定义/Boss/系统,自定义系统/敌怪/Boss/环境音效；动作：通用/特殊；主题：Orb Heal。 首处代码上下文：GladiatorHealOrb.cs。,1.17,17.9,1,44100,1,Projectiles\Healing\GladiatorHealOrb.cs:82
272,Custom\OrbHeal5.ogg,Custom,Custom,OrbHeal5,自定义/Boss/系统,自定义系统/敌怪/Boss/环境音效；动作：通用/特殊；主题：Orb Heal。 首处代码上下文：GladiatorHealOrb.cs。,1.18,17.6,1,44100,1,Projectiles\Healing\GladiatorHealOrb.cs:82
273,Custom\ORDER.ogg,Custom,Custom,ORDER,自定义/Boss/系统,自定义系统/敌怪/Boss/环境音效；动作：音乐/静音轨；主题：ORDER。 代码标识：ORDERTrack。,39.71,635.5,2,44100,1,Systems\Sound\ORDERSystem.cs:10 (ORDERTrack)
274,Custom\Perforator\PerfHiveIchorShoot.ogg,Custom,Custom\Perforator,PerfHiveIchorShoot,自定义/Boss/系统,Custom\Perforator 专用音效；动作：射击/发射；主题：Perf Hive Ichor Shoot。 代码标识：bigShot。,1.15,48.0,2,44100,3,Projectiles\Ranged\FetidEmesisHoldout.cs:98 (bigShot); Projectiles\Ranged\SepticSkewerHarpoon.cs:145 (pull); NPCs\Perforator\PerforatorHive.cs:38 (IchorShoot)
275,Custom\Perforator\PerfHiveShoot1.ogg,Custom,Custom\Perforator,PerfHiveShoot1,自定义/Boss/系统,Custom\Perforator 专用音效；动作：射击/发射；主题：Perf Hive Shoot。 代码标识：GeyserShoot。,0.69,30.1,2,44100,1,NPCs\Perforator\PerforatorHive.cs:37 (GeyserShoot)
276,Custom\Perforator\PerfHiveShoot2.ogg,Custom,Custom\Perforator,PerfHiveShoot2,自定义/Boss/系统,Custom\Perforator 专用音效；动作：射击/发射；主题：Perf Hive Shoot。 代码标识：GeyserShoot。,0.69,31.4,2,44100,1,NPCs\Perforator\PerforatorHive.cs:37 (GeyserShoot)
277,Custom\Perforator\PerfHiveShoot3.ogg,Custom,Custom\Perforator,PerfHiveShoot3,自定义/Boss/系统,Custom\Perforator 专用音效；动作：射击/发射；主题：Perf Hive Shoot。 代码标识：pull。,0.69,32.5,2,44100,2,Projectiles\Ranged\SepticSkewerHarpoon.cs:152 (pull); NPCs\Perforator\PerforatorHive.cs:37 (GeyserShoot)
278,Custom\Perforator\PerfHiveSpawn.ogg,Custom,Custom\Perforator,PerfHiveSpawn,自定义/Boss/系统,Custom\Perforator 专用音效；动作：移动/生成/阶段转换；主题：Perf Hive Spawn。 代码标识：HiveSpawn。,2.31,77.8,2,44100,1,NPCs\Perforator\PerforatorCyst.cs:15 (HiveSpawn)
279,Custom\Perforator\PerfHiveWormSpawn.ogg,Custom,Custom\Perforator,PerfHiveWormSpawn,自定义/Boss/系统,Custom\Perforator 专用音效；动作：移动/生成/阶段转换；主题：Perf Hive Worm Spawn。 代码标识：WormSpawn。,1.15,45.3,2,44100,1,NPCs\Perforator\PerforatorHive.cs:39 (WormSpawn)
280,Custom\PistolShrimpBubbleBurst.ogg,Custom,Custom,PistolShrimpBubbleBurst,自定义/Boss/系统,自定义系统/敌怪/Boss/环境音效；动作：爆炸/爆裂；主题：Pistol Shrimp Bubble Burst。 未找到直接字符串引用，可能由资源约定、动态路径或遗留资源使用。,0.42,10.9,2,44100,0,
281,Custom\PlagueSounds\PBGAttackSwitch1.ogg,Custom,Custom\PlagueSounds,PBGAttackSwitch1,自定义/Boss/系统,瘟疫主题攻击、爆炸和机械虫群音效；动作：通用/特殊；主题：PBG Attack Switch。 代码标识：AttackSwitchSound。,1.31,28.4,2,44100,1,NPCs\PlaguebringerGoliath\PlaguebringerGoliath.cs:58 (AttackSwitchSound)
282,Custom\PlagueSounds\PBGAttackSwitch2.ogg,Custom,Custom\PlagueSounds,PBGAttackSwitch2,自定义/Boss/系统,瘟疫主题攻击、爆炸和机械虫群音效；动作：通用/特殊；主题：PBG Attack Switch。 代码标识：AttackSwitchSound。,1.66,39.8,2,44100,1,NPCs\PlaguebringerGoliath\PlaguebringerGoliath.cs:58 (AttackSwitchSound)
283,Custom\PlagueSounds\PBGAttackSwitchShort.ogg,Custom,Custom\PlagueSounds,PBGAttackSwitchShort,自定义/Boss/系统,瘟疫主题攻击、爆炸和机械虫群音效；动作：通用/特殊；主题：PBG Attack Switch Short。 代码标识：Primed。,0.23,6.1,2,44100,3,Projectiles\Ranged\AcidRocket.cs:103 (Primed); Projectiles\Ranged\TheHiveHoldout.cs:95 (fullCharge); Projectiles\Rogue\DestructionStar.cs:95 (sound)
284,Custom\PlagueSounds\PBGBarrageLaunch.ogg,Custom,Custom\PlagueSounds,PBGBarrageLaunch,自定义/Boss/系统,瘟疫主题攻击、爆炸和机械虫群音效；动作：射击/发射；主题：PBG Barrage Launch。 代码标识：fire。,1.38,22.5,2,48000,3,Projectiles\Ranged\TheHiveHoldout.cs:140 (fire); Projectiles\Ranged\TheHiveHoldout.cs:150 (fire); NPCs\PlaguebringerGoliath\PlaguebringerGoliath.cs:60 (BarrageLaunchSound)
285,Custom\PlagueSounds\PBGDash.ogg,Custom,Custom\PlagueSounds,PBGDash,自定义/Boss/系统,瘟疫主题攻击、爆炸和机械虫群音效；动作：移动/生成/阶段转换；主题：PBG Dash。 代码标识：DashSound。,0.96,22.0,2,48000,1,NPCs\PlaguebringerGoliath\PlaguebringerGoliath.cs:59 (DashSound)
286,Custom\PlagueSounds\PBGNukeWarning.ogg,Custom,Custom\PlagueSounds,PBGNukeWarning,自定义/Boss/系统,瘟疫主题攻击、爆炸和机械虫群音效；动作：爆炸/爆裂；主题：PBG Nuke Warning。 代码标识：NukeWarningSound。,3.57,50.8,2,44100,1,NPCs\PlaguebringerGoliath\PlaguebringerGoliath.cs:57 (NukeWarningSound)
287,Custom\PlagueSounds\PlagueBoom1.ogg,Custom,Custom\PlagueSounds,PlagueBoom1,自定义/Boss/系统,瘟疫主题攻击、爆炸和机械虫群音效；动作：爆炸/爆裂；主题：Plague Boom。 代码标识：PlagueBoomSound。,1.06,17.4,2,44100,4,Sounds\CommonCalamitySounds.cs:26 (PlagueBoomSound); Projectiles\Ranged\AcidRocket.cs:140 (fire); Projectiles\Ranged\HiveMissile.cs:130 (fire); 另 1 处
288,Custom\PlagueSounds\PlagueBoom2.ogg,Custom,Custom\PlagueSounds,PlagueBoom2,自定义/Boss/系统,瘟疫主题攻击、爆炸和机械虫群音效；动作：爆炸/爆裂；主题：Plague Boom。 代码标识：PlagueBoomSound。,1.21,23.3,2,44100,4,Sounds\CommonCalamitySounds.cs:26 (PlagueBoomSound); Projectiles\Ranged\AcidRocket.cs:140 (fire); Projectiles\Ranged\HiveMissile.cs:130 (fire); 另 1 处
289,Custom\PlagueSounds\PlagueBoom3.ogg,Custom,Custom\PlagueSounds,PlagueBoom3,自定义/Boss/系统,瘟疫主题攻击、爆炸和机械虫群音效；动作：爆炸/爆裂；主题：Plague Boom。 代码标识：PlagueBoomSound。,1.38,21.6,2,44100,4,Sounds\CommonCalamitySounds.cs:26 (PlagueBoomSound); Projectiles\Ranged\AcidRocket.cs:140 (fire); Projectiles\Ranged\HiveMissile.cs:130 (fire); 另 1 处
290,Custom\PlagueSounds\PlagueBoom4.ogg,Custom,Custom\PlagueSounds,PlagueBoom4,自定义/Boss/系统,瘟疫主题攻击、爆炸和机械虫群音效；动作：爆炸/爆裂；主题：Plague Boom。 代码标识：PlagueBoomSound。,1.47,22.0,2,44100,5,Sounds\CommonCalamitySounds.cs:26 (PlagueBoomSound); Projectiles\Magic\WarpSigilShot.cs:96 (w); Projectiles\Ranged\AcidRocket.cs:140 (fire); 另 2 处
291,Custom\PlagueUnleash.ogg,Custom,Custom,PlagueUnleash,自定义/Boss/系统,自定义系统/敌怪/Boss/环境音效；动作：通用/特殊；主题：Plague Unleash。 代码标识：PlagueSound。,4.05,68.5,2,44100,1,NPCs\CalamityGlobalNPCLoot.cs:40 (PlagueSound)
292,Custom\PlantyMushMine1.ogg,Custom,Custom,PlantyMushMine1,自定义/Boss/系统,自定义系统/敌怪/Boss/环境音效；动作：采掘/破碎/物块碰撞；主题：Planty Mush Mine。 代码标识：MineSound。,0.30,9.4,2,44100,5,Tiles\Abyss\PlantyMush.cs:17 (MineSound); Projectiles\Boss\HolyLight.cs:119 (fireHeal); Projectiles\Rogue\InkBombProjectile.cs:13 (Explode); 另 2 处
293,Custom\PlantyMushMine2.ogg,Custom,Custom,PlantyMushMine2,自定义/Boss/系统,自定义系统/敌怪/Boss/环境音效；动作：采掘/破碎/物块碰撞；主题：Planty Mush Mine。 代码标识：MineSound。,0.33,9.4,2,44100,5,Tiles\Abyss\PlantyMush.cs:17 (MineSound); Projectiles\Boss\HolyLight.cs:119 (fireHeal); Projectiles\Rogue\InkBombProjectile.cs:13 (Explode); 另 2 处
294,Custom\PlantyMushMine3.ogg,Custom,Custom,PlantyMushMine3,自定义/Boss/系统,自定义系统/敌怪/Boss/环境音效；动作：采掘/破碎/物块碰撞；主题：Planty Mush Mine。 代码标识：MineSound。,0.32,10.6,2,44100,5,Tiles\Abyss\PlantyMush.cs:17 (MineSound); Projectiles\Boss\HolyLight.cs:119 (fireHeal); Projectiles\Rogue\InkBombProjectile.cs:13 (Explode); 另 2 处
295,Custom\PlatingMine1.ogg,Custom,Custom,PlatingMine1,自定义/Boss/系统,自定义系统/敌怪/Boss/环境音效；动作：采掘/破碎/物块碰撞；主题：Plating Mine。 代码标识：PlatingMine。,0.33,11.0,1,44100,1,Sounds\CommonCalamitySounds.cs:28 (PlatingMine)
296,Custom\PlatingMine2.ogg,Custom,Custom,PlatingMine2,自定义/Boss/系统,自定义系统/敌怪/Boss/环境音效；动作：采掘/破碎/物块碰撞；主题：Plating Mine。 代码标识：PlatingMine。,0.33,11.4,1,44100,1,Sounds\CommonCalamitySounds.cs:28 (PlatingMine)
297,Custom\PlatingMine3.ogg,Custom,Custom,PlatingMine3,自定义/Boss/系统,自定义系统/敌怪/Boss/环境音效；动作：采掘/破碎/物块碰撞；主题：Plating Mine。 代码标识：PlatingMine。,0.34,11.3,1,44100,1,Sounds\CommonCalamitySounds.cs:28 (PlatingMine)
298,Custom\Polterghast\PolterghastP2Transition.ogg,Custom,Custom\Polterghast,PolterghastP2Transition,自定义/Boss/系统,Custom\Polterghast 专用音效；动作：激活/使用/UI；主题：Polterghast P2 Transition。 代码标识：P2Sound。,1.50,76.6,2,44100,1,NPCs\Polterghast\Polterghast.cs:57 (P2Sound)
299,Custom\Polterghast\PolterghastP3Transition.ogg,Custom,Custom\Polterghast,PolterghastP3Transition,自定义/Boss/系统,Custom\Polterghast 专用音效；动作：激活/使用/UI；主题：Polterghast P3 Transition。 代码标识：P3Sound。,2.54,114.2,2,44100,1,NPCs\Polterghast\Polterghast.cs:58 (P3Sound)
300,Custom\Polterghast\PolterghastPhantomSpawn.ogg,Custom,Custom\Polterghast,PolterghastPhantomSpawn,自定义/Boss/系统,Custom\Polterghast 专用音效；动作：移动/生成/阶段转换；主题：Polterghast Phantom Spawn。 代码标识：PhantomSound。,1.38,73.8,2,44100,1,NPCs\Polterghast\Polterghast.cs:60 (PhantomSound)
301,Custom\Polterghast\PolterghastSpawn.ogg,Custom,Custom\Polterghast,PolterghastSpawn,自定义/Boss/系统,Custom\Polterghast 专用音效；动作：移动/生成/阶段转换；主题：Polterghast Spawn。 代码标识：SpawnSound。,3.69,174.3,2,44100,1,NPCs\Polterghast\Polterghast.cs:59 (SpawnSound)
302,Custom\PrimordialWyrmCharge.ogg,Custom,Custom,PrimordialWyrmCharge,自定义/Boss/系统,自定义系统/敌怪/Boss/环境音效；动作：蓄力/充能/冷却；主题：Primordial Wyrm Charge。 代码标识：ChargeSound。,2.48,19.7,2,44100,1,NPCs\PrimordialWyrm\PrimordialWyrmHead.cs:85 (ChargeSound)
303,Custom\ProfanedGuardians\GuardianDash.ogg,Custom,Custom\ProfanedGuardians,GuardianDash,自定义/Boss/系统,Custom\ProfanedGuardians 专用音效；动作：移动/生成/阶段转换；主题：Guardian Dash。 代码标识：sound。,0.69,22.1,2,44100,9,CalPlayer\CalamityPlayerMiscEffects.cs:1753 (sound); Projectiles\Magic\FireImplosion.cs:121; Projectiles\Ranged\ElysianArrowRain.cs:158 (onKill); 另 6 处
304,Custom\ProfanedGuardians\GuardianHeal.ogg,Custom,Custom\ProfanedGuardians,GuardianHeal,自定义/Boss/系统,Custom\ProfanedGuardians 专用音效；动作：通用/特殊；主题：Guardian Heal。 代码标识：heal。,0.77,33.3,2,44100,2,Projectiles\Typeless\RelicOfConvergenceCrystal.cs:107 (heal); Projectiles\Typeless\RelicOfDeliveranceSpear.cs:348 (sound)
305,Custom\ProfanedGuardians\GuardianRay.ogg,Custom,Custom\ProfanedGuardians,GuardianRay,自定义/Boss/系统,Custom\ProfanedGuardians 专用音效；动作：激光/光束；主题：Guardian Ray。 代码标识：bigShot。,2.43,52.3,2,44100,4,Projectiles\Magic\PurgeGuzzlerHoldout.cs:88 (bigShot); Projectiles\Melee\Yoyos\BurningRevelationYoyo.cs:138 (fireHeal); NPCs\ProfanedGuardians\ProfanedGuardianCommander.cs:41 (HolyRaySound); 另 1 处
306,Custom\ProfanedGuardians\GuardianRockShieldActivate.ogg,Custom,Custom\ProfanedGuardians,GuardianRockShieldActivate,自定义/Boss/系统,Custom\ProfanedGuardians 专用音效；动作：激活/使用/UI；主题：Guardian Rock Shield Activate。 代码标识：youGotHit。,1.21,29.2,2,44100,3,CalPlayer\CalamityPlayerHitHurt.cs:1305 (youGotHit); CalPlayer\CalamityPlayerMiscEffects.cs:1723 (y); NPCs\ProfanedGuardians\ProfanedGuardianDefender.cs:31 (RockShieldSpawnSound)
307,Custom\ProfanedGuardians\GuardianShieldDeactivate.ogg,Custom,Custom\ProfanedGuardians,GuardianShieldDeactivate,自定义/Boss/系统,Custom\ProfanedGuardians 专用音效；动作：激活/使用/UI；主题：Guardian Shield Deactivate。 代码标识：shot。,0.97,23.4,2,44100,5,Projectiles\Magic\PurgeGuzzlerHoldout.cs:57 (shot); Projectiles\Melee\HolyColliderHoldout.cs:247 (swing); Projectiles\Typeless\ArtifactOfResilienceShards.cs:144 (boom); 另 2 处
308,Custom\ProfanedGuardians\GuardianSpawn.ogg,Custom,Custom\ProfanedGuardians,GuardianSpawn,自定义/Boss/系统,Custom\ProfanedGuardians 专用音效；动作：移动/生成/阶段转换；主题：Guardian Spawn。 代码标识：UseSound。,1.93,31.6,2,48000,1,Items\SummonItems\ProfanedShard.cs:14 (UseSound)
309,Custom\Providence\ProvidenceBurn.ogg,Custom,Custom\Providence,ProvidenceBurn,自定义/Boss/系统,Custom\Providence 专用音效；动作：通用/特殊；主题：Providence Burn。 代码标识：fullPower。,3.28,63.4,2,44100,4,NPCs\CalamityGlobalNPC.cs:3143 (fullPower); Projectiles\Melee\HolyColliderHoldout.cs:166 (fullCharge); Projectiles\Ranged\PristineFire.cs:66 (ignite); 另 1 处
310,Custom\Providence\ProvidenceBurnLoop.ogg,Custom,Custom\Providence,ProvidenceBurnLoop,自定义/Boss/系统,Custom\Providence 专用音效；动作：循环/开始结束/预警；主题：Providence Burn Loop。 代码标识：burn。,3.54,101.5,2,44100,2,Projectiles\Melee\HolyColliderHoldout.cs:158 (burn); NPCs\Providence\Providence.cs:110 (BurnLoopSound)
311,Custom\Providence\ProvidenceDeathAnimation.ogg,Custom,Custom\Providence,ProvidenceDeathAnimation,自定义/Boss/系统,Custom\Providence 专用音效；动作：死亡/击杀；主题：Providence Death Animation。 代码标识：DeathAnimationSound。,9.91,194.6,2,44100,1,NPCs\Providence\Providence.cs:106 (DeathAnimationSound)
312,Custom\Providence\ProvidenceHolyBlastImpact.ogg,Custom,Custom\Providence,ProvidenceHolyBlastImpact,自定义/Boss/系统,Custom\Providence 专用音效；动作：受击/命中/冲击；主题：Providence Holy Blast Impact。 代码标识：ImpactSound。,1.00,20.7,2,44100,6,Projectiles\Boss\HolyBlast.cs:27 (ImpactSound); Projectiles\Ranged\BlissfulBombardierSplitProjectile.cs:77 (fire); Projectiles\Ranged\PristineSecondary.cs:55 (ignite); 另 3 处
313,Custom\Providence\ProvidenceHolyBlastShoot.ogg,Custom,Custom\Providence,ProvidenceHolyBlastShoot,自定义/Boss/系统,Custom\Providence 专用音效；动作：射击/发射；主题：Providence Holy Blast Shoot。 代码标识：ShootSound。,0.71,16.2,2,44100,7,Projectiles\Boss\HolyBlast.cs:26 (ShootSound); Projectiles\Magic\TerraSigil.cs:47; Projectiles\Melee\HolyColliderHoldout.cs:240 (swing); 另 4 处
314,Custom\Providence\ProvidenceHolyRay.ogg,Custom,Custom\Providence,ProvidenceHolyRay,自定义/Boss/系统,Custom\Providence 专用音效；动作：激光/光束；主题：Providence Holy Ray。 代码标识：bigShot2。,3.04,65.6,2,44100,2,Projectiles\Magic\PurgeGuzzlerHoldout.cs:90 (bigShot2); NPCs\Providence\Providence.cs:104 (HolyRaySound)
315,Custom\Providence\ProvidenceSizzle.ogg,Custom,Custom\Providence,ProvidenceSizzle,自定义/Boss/系统,Custom\Providence 专用音效；动作：通用/特殊；主题：Providence Sizzle。 代码标识：NearBurnSound。,2.30,47.4,2,192000,1,NPCs\Providence\Providence.cs:108 (NearBurnSound)
316,Custom\Providence\ProvidenceSpawn.ogg,Custom,Custom\Providence,ProvidenceSpawn,自定义/Boss/系统,Custom\Providence 专用音效；动作：移动/生成/阶段转换；主题：Providence Spawn。 代码标识：SpawnSound。,3.15,56.5,2,44100,1,NPCs\Providence\Providence.cs:103 (SpawnSound)
317,Custom\PumpkinEmerge1.ogg,Custom,Custom,PumpkinEmerge1,自定义/Boss/系统,自定义系统/敌怪/Boss/环境音效；动作：移动/生成/阶段转换；主题：Pumpkin Emerge。 代码标识：GrowSound。,0.64,16.5,2,44100,1,Projectiles\Summon\HarvestStaffMinion.cs:157 (GrowSound)
318,Custom\PumpkinEmerge2.ogg,Custom,Custom,PumpkinEmerge2,自定义/Boss/系统,自定义系统/敌怪/Boss/环境音效；动作：移动/生成/阶段转换；主题：Pumpkin Emerge。 代码标识：GrowSound。,0.72,17.8,2,44100,1,Projectiles\Summon\HarvestStaffMinion.cs:157 (GrowSound)
319,Custom\PumpkinEmerge3.ogg,Custom,Custom,PumpkinEmerge3,自定义/Boss/系统,自定义系统/敌怪/Boss/环境音效；动作：移动/生成/阶段转换；主题：Pumpkin Emerge。 代码标识：GrowSound。,0.62,14.7,2,44100,1,Projectiles\Summon\HarvestStaffMinion.cs:157 (GrowSound)
320,Custom\PumpkinExplode1.ogg,Custom,Custom,PumpkinExplode1,自定义/Boss/系统,自定义系统/敌怪/Boss/环境音效；动作：爆炸/爆裂；主题：Pumpkin Explode。 首处代码上下文：PumpkaboomBig.cs。,0.57,14.9,2,44100,3,Projectiles\Rogue\PumpkaboomBig.cs:257; Projectiles\Rogue\PumpkaboomSmall.cs:227; Projectiles\Summon\HarvestStaffMinion.cs:167 (BoomSound)
321,Custom\PumpkinExplode2.ogg,Custom,Custom,PumpkinExplode2,自定义/Boss/系统,自定义系统/敌怪/Boss/环境音效；动作：爆炸/爆裂；主题：Pumpkin Explode。 代码标识：BoomSound。,0.65,16.7,2,44100,1,Projectiles\Summon\HarvestStaffMinion.cs:167 (BoomSound)
322,Custom\PumpkinExplodeGFB1.ogg,Custom,Custom,PumpkinExplodeGFB1,自定义/Boss/系统,自定义系统/敌怪/Boss/环境音效；动作：爆炸/爆裂；主题：Pumpkin Explode GFB。 代码标识：BoomSoundGFB。,3.19,46.4,2,44100,1,Projectiles\Summon\HarvestStaffMinion.cs:169 (BoomSoundGFB)
323,Custom\PumpkinExplodeGFB2.ogg,Custom,Custom,PumpkinExplodeGFB2,自定义/Boss/系统,自定义系统/敌怪/Boss/环境音效；动作：爆炸/爆裂；主题：Pumpkin Explode GFB。 代码标识：BoomSoundGFB。,3.22,61.1,2,44100,1,Projectiles\Summon\HarvestStaffMinion.cs:169 (BoomSoundGFB)
324,Custom\PumpkinIdle1.ogg,Custom,Custom,PumpkinIdle1,自定义/Boss/系统,自定义系统/敌怪/Boss/环境音效；动作：循环/开始结束/预警；主题：Pumpkin Idle。 代码标识：IdleSound。,0.55,11.6,2,44100,1,Projectiles\Summon\HarvestStaffMinion.cs:159 (IdleSound)
325,Custom\PumpkinIdle2.ogg,Custom,Custom,PumpkinIdle2,自定义/Boss/系统,自定义系统/敌怪/Boss/环境音效；动作：循环/开始结束/预警；主题：Pumpkin Idle。 代码标识：IdleSound。,0.54,11.5,2,44100,1,Projectiles\Summon\HarvestStaffMinion.cs:159 (IdleSound)
326,Custom\PumpkinIdle3.ogg,Custom,Custom,PumpkinIdle3,自定义/Boss/系统,自定义系统/敌怪/Boss/环境音效；动作：循环/开始结束/预警；主题：Pumpkin Idle。 代码标识：IdleSound。,0.54,12.2,2,44100,1,Projectiles\Summon\HarvestStaffMinion.cs:159 (IdleSound)
327,Custom\PumpkinIdle4.ogg,Custom,Custom,PumpkinIdle4,自定义/Boss/系统,自定义系统/敌怪/Boss/环境音效；动作：循环/开始结束/预警；主题：Pumpkin Idle。 代码标识：IdleSound。,0.58,12.8,2,44100,1,Projectiles\Summon\HarvestStaffMinion.cs:159 (IdleSound)
328,Custom\PumpkinJump.ogg,Custom,Custom,PumpkinJump,自定义/Boss/系统,自定义系统/敌怪/Boss/环境音效；动作：通用/特殊；主题：Pumpkin Jump。 代码标识：JumpSound。,0.19,7.3,2,44100,1,Projectiles\Summon\HarvestStaffMinion.cs:165 (JumpSound)
329,Custom\PumpkinRareIdle.ogg,Custom,Custom,PumpkinRareIdle,自定义/Boss/系统,自定义系统/敌怪/Boss/环境音效；动作：循环/开始结束/预警；主题：Pumpkin Rare Idle。 代码标识：IdleRareSound。,1.41,25.2,2,44100,1,Projectiles\Summon\HarvestStaffMinion.cs:161 (IdleRareSound)
330,Custom\PumpkinScream1.ogg,Custom,Custom,PumpkinScream1,自定义/Boss/系统,自定义系统/敌怪/Boss/环境音效；动作：吼叫/语音；主题：Pumpkin Scream。 代码标识：ScreamSound。,0.89,15.6,2,44100,1,Projectiles\Summon\HarvestStaffMinion.cs:163 (ScreamSound)
331,Custom\PumpkinScream2.ogg,Custom,Custom,PumpkinScream2,自定义/Boss/系统,自定义系统/敌怪/Boss/环境音效；动作：吼叫/语音；主题：Pumpkin Scream。 代码标识：ScreamSound。,0.97,16.2,2,44100,1,Projectiles\Summon\HarvestStaffMinion.cs:163 (ScreamSound)
332,Custom\RaidersTalismanStealthHit.ogg,Custom,Custom,RaidersTalismanStealthHit,自定义/Boss/系统,自定义系统/敌怪/Boss/环境音效；动作：受击/命中/冲击；主题：Raiders Talisman Stealth Hit。 代码标识：StealthHitSound。,1.02,22.8,2,96000,1,Items\Accessories\RaidersTalisman.cs:14 (StealthHitSound)
333,Custom\Ravager\GasterBlasterCharge.ogg,Custom,Custom\Ravager,GasterBlasterCharge,自定义/Boss/系统,Custom\Ravager 专用音效；动作：爆炸/爆裂；主题：Gaster Blaster Charge。 代码标识：SANSCharge。,1.32,15.8,2,44100,2,Projectiles\Boss\PermafrostBlaster.cs:15 (SANSCharge); Projectiles\Boss\RavagerBlaster.cs:13 (SANSCharge)
334,Custom\Ravager\GasterBlasterFire.ogg,Custom,Custom\Ravager,GasterBlasterFire,自定义/Boss/系统,Custom\Ravager 专用音效；动作：射击/发射；主题：Gaster Blaster Fire。 代码标识：SANSFire。,2.11,26.7,2,44100,2,Projectiles\Boss\PermafrostBlaster.cs:16 (SANSFire); Projectiles\Boss\RavagerBlaster.cs:14 (SANSFire)
335,Custom\Ravager\RavagerJump1.ogg,Custom,Custom\Ravager,RavagerJump1,自定义/Boss/系统,Custom\Ravager 专用音效；动作：通用/特殊；主题：Ravager Jump。 代码标识：JumpSound。,0.70,24.1,2,44100,1,NPCs\Ravager\RavagerBody.cs:40 (JumpSound)
336,Custom\Ravager\RavagerJump2.ogg,Custom,Custom\Ravager,RavagerJump2,自定义/Boss/系统,Custom\Ravager 专用音效；动作：通用/特殊；主题：Ravager Jump。 首处代码上下文：TerraSigilMediumRock.cs。,0.95,26.8,2,44100,2,Projectiles\Magic\TerraSigilMediumRock.cs:80; NPCs\Ravager\RavagerBody.cs:40 (JumpSound)
337,Custom\Ravager\RavagerMissileExplosion.ogg,Custom,Custom\Ravager,RavagerMissileExplosion,自定义/Boss/系统,Custom\Ravager 专用音效；动作：爆炸/爆裂；主题：Ravager Missile Explosion。 代码标识：ExplosionSound。,1.27,28.9,2,44100,1,Projectiles\Boss\RavagerNuke.cs:18 (ExplosionSound)
338,Custom\Ravager\RavagerMissileLaunch.ogg,Custom,Custom\Ravager,RavagerMissileLaunch,自定义/Boss/系统,Custom\Ravager 专用音效；动作：射击/发射；主题：Ravager Missile Launch。 代码标识：MissileSound。,1.50,27.4,2,44100,2,NPCs\Ravager\RavagerBody.cs:47 (MissileSound); NPCs\Ravager\RavagerHead.cs:16 (MissileSound)
339,Custom\Ravager\RavagerPillarSummon.ogg,Custom,Custom\Ravager,RavagerPillarSummon,自定义/Boss/系统,Custom\Ravager 专用音效；动作：激活/使用/UI；主题：Ravager Pillar Summon。 代码标识：buff。,2.51,66.3,2,44100,6,Projectiles\Magic\DeathValleyDusterProjectile.cs:76 (buff); Projectiles\Magic\PrimordialAncientProjectile.cs:91 (buff); Projectiles\Magic\PrimordialEarthProjectile.cs:85 (buff); 另 3 处
340,Custom\Ravager\RavagerPunch1.ogg,Custom,Custom\Ravager,RavagerPunch1,自定义/Boss/系统,Custom\Ravager 专用音效；动作：通用/特殊；主题：Ravager Punch。 代码标识：FistSound。,0.85,21.2,2,44100,1,NPCs\Ravager\RavagerBody.cs:42 (FistSound)
341,Custom\Ravager\RavagerPunch2.ogg,Custom,Custom\Ravager,RavagerPunch2,自定义/Boss/系统,Custom\Ravager 专用音效；动作：通用/特殊；主题：Ravager Punch。 代码标识：FistSound。,0.97,26.8,2,44100,1,NPCs\Ravager\RavagerBody.cs:42 (FistSound)
342,Custom\Ravager\RavagerStomp1.ogg,Custom,Custom\Ravager,RavagerStomp1,自定义/Boss/系统,Custom\Ravager 专用音效；动作：近战挥击/撞击；主题：Ravager Stomp。 首处代码上下文：RemsRevengeExplosion.cs。,0.59,20.6,2,44100,2,Projectiles\Melee\RemsRevengeExplosion.cs:38; NPCs\Ravager\RavagerBody.cs:41 (StompSound)
343,Custom\Ravager\RavagerStomp2.ogg,Custom,Custom\Ravager,RavagerStomp2,自定义/Boss/系统,Custom\Ravager 专用音效；动作：近战挥击/撞击；主题：Ravager Stomp。 首处代码上下文：RemsRevengeExplosion.cs。,0.72,24.7,2,44100,2,Projectiles\Melee\RemsRevengeExplosion.cs:38; NPCs\Ravager\RavagerBody.cs:41 (StompSound)
344,Custom\ReaperEnragedRoar.ogg,Custom,Custom,ReaperEnragedRoar,自定义/Boss/系统,自定义系统/敌怪/Boss/环境音效；动作：吼叫/语音；主题：Reaper Enraged Roar。 代码标识：EnragedRoarSound。,2.55,30.2,2,44100,1,NPCs\Abyss\ReaperShark.cs:28 (EnragedRoarSound)
345,Custom\ReaperSearchRoar.ogg,Custom,Custom,ReaperSearchRoar,自定义/Boss/系统,自定义系统/敌怪/Boss/环境音效；动作：吼叫/语音；主题：Reaper Search Roar。 代码标识：SearchRoarSound。,3.10,26.7,2,44100,1,NPCs\Abyss\ReaperShark.cs:27 (SearchRoarSound)
346,Custom\RedJewelFire.ogg,Custom,Custom,RedJewelFire,自定义/Boss/系统,自定义系统/敌怪/Boss/环境音效；动作：射击/发射；主题：Red Jewel Fire。 代码标识：ShootSound。,1.19,30.1,2,44100,2,NPCs\NormalNPCs\KingSlimeJewelRuby.cs:22 (ShootSound); NPCs\VanillaNPCAIOverrides\Bosses\KingSlimeAI.cs:16 (ShootSound)
347,Custom\RedJewelModeShift.ogg,Custom,Custom,RedJewelModeShift,自定义/Boss/系统,自定义系统/敌怪/Boss/环境音效；动作：通用/特殊；主题：Red Jewel Mode Shift。 代码标识：ModeShiftSound。,1.37,27.4,2,48000,1,NPCs\NormalNPCs\KingSlimeJewelRuby.cs:23 (ModeShiftSound)
348,Custom\RimehoundGrowl.ogg,Custom,Custom,RimehoundGrowl,自定义/Boss/系统,自定义系统/敌怪/Boss/环境音效；动作：吼叫/语音；主题：Rimehound Growl。 代码标识：GrowlSound。,2.19,21.6,1,44100,1,NPCs\NormalNPCs\Rimehound.cs:18 (GrowlSound)
349,Custom\RogueStealth.ogg,Custom,Custom,RogueStealth,自定义/Boss/系统,自定义系统/敌怪/Boss/环境音效；动作：通用/特殊；主题：Rogue Stealth。 代码标识：RogueStealthSound。,0.85,10.2,1,44100,1,CalPlayer\CalamityPlayer.cs:478 (RogueStealthSound)
350,Custom\RoverDriveActivate.ogg,Custom,Custom,RoverDriveActivate,自定义/Boss/系统,自定义系统/敌怪/Boss/环境音效；动作：激活/使用/UI；主题：Rover Drive Activate。 代码标识：ActivationSound。,8.90,198.7,2,96000,3,Items\Accessories\RoverDrive.cs:26 (ActivationSound); Items\Accessories\TheSponge.cs:34 (ActivationSound); Items\Armor\LunicCorps\LunicCorpsHelmet.cs:27 (ActivationSound)
351,Custom\RoverDriveBreak.ogg,Custom,Custom,RoverDriveBreak,自定义/Boss/系统,自定义系统/敌怪/Boss/环境音效；动作：采掘/破碎/物块碰撞；主题：Rover Drive Break。 代码标识：BreakSound。,1.93,39.5,2,96000,3,Items\Accessories\RoverDrive.cs:27 (BreakSound); Items\Accessories\TheSponge.cs:35 (BreakSound); Items\Armor\LunicCorps\LunicCorpsHelmet.cs:28 (BreakSound)
352,Custom\RoverDriveHit.ogg,Custom,Custom,RoverDriveHit,自定义/Boss/系统,自定义系统/敌怪/Boss/环境音效；动作：受击/命中/冲击；主题：Rover Drive Hit。 代码标识：ShieldHurtSound。,0.91,22.1,2,96000,3,Items\Accessories\RoverDrive.cs:25 (ShieldHurtSound); Items\Accessories\TheSponge.cs:33 (ShieldHurtSound); Items\Armor\LunicCorps\LunicCorpsHelmet.cs:26 (ShieldHurtSound)
353,Custom\SCalAltarSummon.ogg,Custom,Custom,SCalAltarSummon,自定义/Boss/系统,自定义系统/敌怪/Boss/环境音效；动作：激活/使用/UI；主题：S Cal Altar Summon。 代码标识：SummonSound。,8.48,185.9,2,96000,2,Tiles\Furniture\CraftingStations\SCalAltar.cs:24 (SummonSound); NPCs\SupremeCalamitas\SupremeCalamitas.cs:1395
354,Custom\SCalSounds\BrimstoneBigShoot.ogg,Custom,Custom\SCalSounds,BrimstoneBigShoot,自定义/Boss/系统,Supreme Calamitas / SCal 战斗与状态音效；动作：射击/发射；主题：Brimstone Big Shoot。 代码标识：BrimstoneBigShotSound。,1.46,23.2,2,44100,1,NPCs\SupremeCalamitas\SupremeCalamitas.cs:227 (BrimstoneBigShotSound)
355,Custom\SCalSounds\BrimstoneFireblastImpact.ogg,Custom,Custom\SCalSounds,BrimstoneFireblastImpact,自定义/Boss/系统,Supreme Calamitas / SCal 战斗与状态音效；动作：受击/命中/冲击；主题：Brimstone Fireblast Impact。 代码标识：ImpactSound。,1.07,22.1,2,44100,2,Projectiles\Boss\BurningFireblast.cs:20 (ImpactSound); Projectiles\Boss\SCalBrimstoneFireblast.cs:22 (ImpactSound)
356,Custom\SCalSounds\BrimstoneGigablastImpact.ogg,Custom,Custom\SCalSounds,BrimstoneGigablastImpact,自定义/Boss/系统,Supreme Calamitas / SCal 战斗与状态音效；动作：受击/命中/冲击；主题：Brimstone Gigablast Impact。 代码标识：ImpactSound。,1.65,29.7,2,44100,2,Projectiles\Boss\BurningGigablast.cs:20 (ImpactSound); Projectiles\Boss\SCalBrimstoneGigablast.cs:21 (ImpactSound)
357,Custom\SCalSounds\BrimstoneHellblastSound.ogg,Custom,Custom\SCalSounds,BrimstoneHellblastSound,自定义/Boss/系统,Supreme Calamitas / SCal 战斗与状态音效；动作：爆炸/爆裂；主题：Brimstone Hellblast Sound。 首处代码上下文：LiliesOfFinalityAriane.cs。,0.78,15.8,2,44100,2,Projectiles\Summon\LiliesOfFinalityAriane.cs:336; NPCs\SupremeCalamitas\SupremeCalamitas.cs:229 (HellblastSound)
358,Custom\SCalSounds\BrimstoneMonsterDrone.ogg,Custom,Custom\SCalSounds,BrimstoneMonsterDrone,自定义/Boss/系统,Supreme Calamitas / SCal 战斗与状态音效；动作：激活/使用/UI；主题：Brimstone Monster Drone。 代码标识：DroneSound。,4.47,71.1,2,48000,1,Projectiles\Boss\BrimstoneMonster.cs:31 (DroneSound)
359,Custom\SCalSounds\BrimstoneMonsterSpawn.ogg,Custom,Custom\SCalSounds,BrimstoneMonsterSpawn,自定义/Boss/系统,Supreme Calamitas / SCal 战斗与状态音效；动作：激活/使用/UI；主题：Brimstone Monster Spawn。 代码标识：SpawnSound。,3.50,50.3,2,44100,1,Projectiles\Boss\BrimstoneMonster.cs:30 (SpawnSound)
360,Custom\SCalSounds\BrimstoneShoot.ogg,Custom,Custom\SCalSounds,BrimstoneShoot,自定义/Boss/系统,Supreme Calamitas / SCal 战斗与状态音效；动作：射击/发射；主题：Brimstone Shoot。 代码标识：BrimstoneShotSound。,0.56,12.7,2,44100,1,NPCs\SupremeCalamitas\SupremeCalamitas.cs:223 (BrimstoneShotSound)
361,Custom\SCalSounds\BrothersDeath1.ogg,Custom,Custom\SCalSounds,BrothersDeath1,自定义/Boss/系统,Supreme Calamitas / SCal 战斗与状态音效；动作：死亡/击杀；主题：Brothers Death。 代码标识：BrotherDeath。,1.35,23.8,2,44100,1,NPCs\SupremeCalamitas\SupremeCalamitas.cs:225 (BrotherDeath)
362,Custom\SCalSounds\BrothersDeath2.ogg,Custom,Custom\SCalSounds,BrothersDeath2,自定义/Boss/系统,Supreme Calamitas / SCal 战斗与状态音效；动作：死亡/击杀；主题：Brothers Death。 代码标识：BrotherDeath。,1.65,26.9,2,44100,1,NPCs\SupremeCalamitas\SupremeCalamitas.cs:225 (BrotherDeath)
363,Custom\SCalSounds\BrothersHurt1.ogg,Custom,Custom\SCalSounds,BrothersHurt1,自定义/Boss/系统,Supreme Calamitas / SCal 战斗与状态音效；动作：受击/命中/冲击；主题：Brothers Hurt。 代码标识：BrotherHit。,0.58,13.0,2,44100,1,NPCs\SupremeCalamitas\SupremeCalamitas.cs:224 (BrotherHit)
364,Custom\SCalSounds\BrothersHurt2.ogg,Custom,Custom\SCalSounds,BrothersHurt2,自定义/Boss/系统,Supreme Calamitas / SCal 战斗与状态音效；动作：受击/命中/冲击；主题：Brothers Hurt。 代码标识：BrotherHit。,0.58,14.0,2,44100,1,NPCs\SupremeCalamitas\SupremeCalamitas.cs:224 (BrotherHit)
365,Custom\SCalSounds\CatastropheResonanceSlash.ogg,Custom,Custom\SCalSounds,CatastropheResonanceSlash,自定义/Boss/系统,Supreme Calamitas / SCal 战斗与状态音效；动作：激活/使用/UI；主题：Catastrophe Resonance Slash。 代码标识：CatastropheSwing。,0.78,18.2,2,44100,1,NPCs\SupremeCalamitas\SupremeCalamitas.cs:226 (CatastropheSwing)
366,Custom\SCalSounds\GFBDrone.ogg,Custom,Custom\SCalSounds,GFBDrone,自定义/Boss/系统,Supreme Calamitas / SCal 战斗与状态音效；动作：激活/使用/UI；主题：GFB Drone。 首处代码上下文：BrimstoneMonster.cs。,1.84,30.5,2,48000,2,Projectiles\Boss\BrimstoneMonster.cs:136; Projectiles\Boss\BrimstoneMonster.cs:169
367,Custom\SCalSounds\SCalDash.ogg,Custom,Custom\SCalSounds,SCalDash,自定义/Boss/系统,Supreme Calamitas / SCal 战斗与状态音效；动作：移动/生成/阶段转换；主题：S Cal Dash。 代码标识：DashSound。,1.30,24.5,2,44100,1,NPCs\SupremeCalamitas\SupremeCalamitas.cs:228 (DashSound)
368,Custom\SCalSounds\SCalEndBH.ogg,Custom,Custom\SCalSounds,SCalEndBH,自定义/Boss/系统,Supreme Calamitas / SCal 战斗与状态音效；动作：循环/开始结束/预警；主题：S Cal End BH。 代码标识：BulletHellEndSound。,2.48,43.2,2,48000,1,NPCs\SupremeCalamitas\SupremeCalamitas.cs:232 (BulletHellEndSound)
369,Custom\SCalSounds\SCalRumble.ogg,Custom,Custom\SCalSounds,SCalRumble,自定义/Boss/系统,Supreme Calamitas / SCal 战斗与状态音效；动作：通用/特殊；主题：S Cal Rumble。 代码标识：BulletHellSound。,6.12,39.7,1,48000,1,NPCs\SupremeCalamitas\SupremeCalamitas.cs:231 (BulletHellSound)
370,Custom\SCalSounds\SepulcherSpawn.ogg,Custom,Custom\SCalSounds,SepulcherSpawn,自定义/Boss/系统,Supreme Calamitas / SCal 战斗与状态音效；动作：移动/生成/阶段转换；主题：Sepulcher Spawn。 代码标识：SepulcherSummonSound。,4.14,72.5,2,48000,1,NPCs\SupremeCalamitas\SupremeCalamitas.cs:222 (SepulcherSummonSound)
371,Custom\SCalSounds\SupremeCalamitasGiveUp.ogg,Custom,Custom\SCalSounds,SupremeCalamitasGiveUp,自定义/Boss/系统,Supreme Calamitas / SCal 战斗与状态音效；动作：通用/特殊；主题：Supreme Calamitas Give Up。 代码标识：GiveUpSound。,5.55,42.0,2,44100,1,NPCs\SupremeCalamitas\SupremeCalamitas.cs:233 (GiveUpSound)
372,Custom\Scare.ogg,Custom,Custom,Scare,自定义/Boss/系统,自定义系统/敌怪/Boss/环境音效；动作：通用/特殊；主题：Scare。 代码标识：SpawnSound。,4.61,67.1,2,44100,1,NPCs\PrimordialWyrm\PrimordialWyrmHead.cs:83 (SpawnSound)
373,Custom\ScissorGuillotineSnap.ogg,Custom,Custom,ScissorGuillotineSnap,自定义/Boss/系统,自定义系统/敌怪/Boss/环境音效；动作：通用/特殊；主题：Scissor Guillotine Snap。 代码标识：ScissorGuillotineSnapSound。,1.01,22.2,2,48000,1,Sounds\CommonCalamitySounds.cs:30 (ScissorGuillotineSnapSound)
374,Custom\ScornJump.ogg,Custom,Custom,ScornJump,自定义/Boss/系统,自定义系统/敌怪/Boss/环境音效；动作：通用/特殊；主题：Scorn Jump。 代码标识：JumpSound。,0.68,12.4,2,48000,1,NPCs\NormalNPCs\ScornEater.cs:18 (JumpSound)
375,Custom\SharkoonBoom.ogg,Custom,Custom,SharkoonBoom,自定义/Boss/系统,自定义系统/敌怪/Boss/环境音效；动作：爆炸/爆裂；主题：Sharkoon Boom。 未找到直接字符串引用，可能由资源约定、动态路径或遗留资源使用。,0.67,20.7,2,32000,0,
376,Custom\ShoreskipperGrunt1.ogg,Custom,Custom,ShoreskipperGrunt1,自定义/Boss/系统,自定义系统/敌怪/Boss/环境音效；动作：吼叫/语音；主题：Shoreskipper Grunt。 未找到直接字符串引用，可能由资源约定、动态路径或遗留资源使用。,0.24,8.1,2,44100,0,
377,Custom\ShoreskipperGrunt2.ogg,Custom,Custom,ShoreskipperGrunt2,自定义/Boss/系统,自定义系统/敌怪/Boss/环境音效；动作：吼叫/语音；主题：Shoreskipper Grunt。 未找到直接字符串引用，可能由资源约定、动态路径或遗留资源使用。,0.38,9.5,2,44100,0,
378,Custom\ShoreskipperSighting.ogg,Custom,Custom,ShoreskipperSighting,自定义/Boss/系统,自定义系统/敌怪/Boss/环境音效；动作：通用/特殊；主题：Shoreskipper Sighting。 未找到直接字符串引用，可能由资源约定、动态路径或遗留资源使用。,0.41,9.8,2,44100,0,
379,Custom\SlimeGodBigShot1.ogg,Custom,Custom,SlimeGodBigShot1,自定义/Boss/系统,自定义系统/敌怪/Boss/环境音效；动作：射击/发射；主题：Slime God Big Shot。 代码标识：BigShotSound。,0.74,21.9,2,44100,1,NPCs\SlimeGod\SlimeGodCore.cs:45 (BigShotSound)
380,Custom\SlimeGodBigShot2.ogg,Custom,Custom,SlimeGodBigShot2,自定义/Boss/系统,自定义系统/敌怪/Boss/环境音效；动作：射击/发射；主题：Slime God Big Shot。 代码标识：BigShotSound。,0.66,18.5,2,44100,1,NPCs\SlimeGod\SlimeGodCore.cs:45 (BigShotSound)
381,Custom\SlimeGodExit.ogg,Custom,Custom,SlimeGodExit,自定义/Boss/系统,自定义系统/敌怪/Boss/环境音效；动作：通用/特殊；主题：Slime God Exit。 代码标识：ExitSound。,1.05,22.9,2,44100,1,NPCs\SlimeGod\SlimeGodCore.cs:43 (ExitSound)
382,Custom\SlimeGodPossession.ogg,Custom,Custom,SlimeGodPossession,自定义/Boss/系统,自定义系统/敌怪/Boss/环境音效；动作：激活/使用/UI；主题：Slime God Possession。 代码标识：PossessionSound。,2.17,40.8,2,44100,1,NPCs\SlimeGod\SlimeGodCore.cs:42 (PossessionSound)
383,Custom\SlimeGodShot1.ogg,Custom,Custom,SlimeGodShot1,自定义/Boss/系统,自定义系统/敌怪/Boss/环境音效；动作：射击/发射；主题：Slime God Shot。 代码标识：ShotSound。,0.46,14.3,2,44100,1,NPCs\SlimeGod\SlimeGodCore.cs:44 (ShotSound)
384,Custom\SlimeGodShot2.ogg,Custom,Custom,SlimeGodShot2,自定义/Boss/系统,自定义系统/敌怪/Boss/环境音效；动作：射击/发射；主题：Slime God Shot。 代码标识：ShotSound。,0.46,12.4,2,44100,1,NPCs\SlimeGod\SlimeGodCore.cs:44 (ShotSound)
385,Custom\StormlionAltIdle1.ogg,Custom,Custom,StormlionAltIdle1,自定义/Boss/系统,自定义系统/敌怪/Boss/环境音效；动作：激活/使用/UI；主题：Stormlion Alt Idle。 代码标识：Idle1。,0.46,16.3,2,44100,1,Effects\StormlionEffects.cs:21 (Idle1)
386,Custom\StormlionAltIdle2.ogg,Custom,Custom,StormlionAltIdle2,自定义/Boss/系统,自定义系统/敌怪/Boss/环境音效；动作：激活/使用/UI；主题：Stormlion Alt Idle。 代码标识：Idle2。,0.33,14.6,2,44100,1,Effects\StormlionEffects.cs:22 (Idle2)
387,Custom\StormlionAltShoot.ogg,Custom,Custom,StormlionAltShoot,自定义/Boss/系统,自定义系统/敌怪/Boss/环境音效；动作：射击/发射；主题：Stormlion Alt Shoot。 代码标识：Attack。,0.47,16.8,2,44100,1,Effects\StormlionEffects.cs:20 (Attack)
388,Custom\StormlionIdle.ogg,Custom,Custom,StormlionIdle,自定义/Boss/系统,自定义系统/敌怪/Boss/环境音效；动作：激活/使用/UI；主题：Stormlion Idle。 代码标识：IdleSound。,1.05,23.5,2,44100,1,NPCs\NormalNPCs\Stormlion.cs:15 (IdleSound)
389,Custom\Stylish.ogg,Custom,Custom,Stylish,自定义/Boss/系统,自定义系统/敌怪/Boss/环境音效；动作：通用/特殊；主题：Stylish。 代码标识：StylishSound。,1.07,18.0,2,44100,1,Projectiles\Summon\Umbrella\MagicHammer.cs:23 (StylishSound)
390,Custom\SubsumingVortexExplosion.ogg,Custom,Custom,SubsumingVortexExplosion,自定义/Boss/系统,自定义系统/敌怪/Boss/环境音效；动作：爆炸/爆裂；主题：Subsuming Vortex Explosion。 代码标识：ExplosionSound。,1.10,13.9,2,24000,1,Items\Weapons\Magic\SubsumingVortex.cs:39 (ExplosionSound)
391,Custom\SupremeCalamitasSpawn.ogg,Custom,Custom,SupremeCalamitasSpawn,自定义/Boss/系统,自定义系统/敌怪/Boss/环境音效；动作：移动/生成/阶段转换；主题：Supreme Calamitas Spawn。 代码标识：SpawnSound。,6.00,76.9,2,44100,1,NPCs\SupremeCalamitas\SupremeCalamitas.cs:221 (SpawnSound)
392,Custom\SwiftSlice.ogg,Custom,Custom,SwiftSlice,自定义/Boss/系统,自定义系统/敌怪/Boss/环境音效；动作：近战挥击/撞击；主题：Swift Slice。 代码标识：SwiftSliceSound。,0.67,12.2,1,44100,10,Sounds\CommonCalamitySounds.cs:31 (SwiftSliceSound); Projectiles\Melee\NeptunesBountyProjectile.cs:276; Projectiles\Melee\StreamGougePortal.cs:18 (SpawnSound); 另 7 处
393,Custom\TickingTimer.ogg,Custom,Custom,TickingTimer,自定义/Boss/系统,自定义系统/敌怪/Boss/环境音效；动作：通用/特殊；主题：Ticking Timer。 代码标识：TimerSound。,0.60,7.2,2,22050,1,Items\VanillaArmorChanges\NecroArmorSetChange.cs:20 (TimerSound)
394,Custom\TreeFalling.ogg,Custom,Custom,TreeFalling,自定义/Boss/系统,自定义系统/敌怪/Boss/环境音效；动作：通用/特殊；主题：Tree Falling。 代码标识：TreeCrashSound。,1.90,43.9,2,48000,1,Projectiles\Summon\Umbrella\MagicTree.cs:29 (TreeCrashSound)
395,Custom\Ultrabling.ogg,Custom,Custom,Ultrabling,自定义/Boss/系统,自定义系统/敌怪/Boss/环境音效；动作：通用/特殊；主题：Ultrabling。 代码标识：BlingSound。,1.02,14.9,2,44100,2,Projectiles\Ranged\M1GarandEmptyClip.cs:15 (BlingSound); Projectiles\Ranged\RicoshotCoin.cs:16 (BlingSound)
396,Custom\UltrablingHit.ogg,Custom,Custom,UltrablingHit,自定义/Boss/系统,自定义系统/敌怪/Boss/环境音效；动作：受击/命中/冲击；主题：Ultrabling Hit。 代码标识：BlingHitSound。,1.02,15.4,2,44100,3,Projectiles\Ranged\M1GarandEmptyClip.cs:16 (BlingHitSound); Projectiles\Ranged\RicoshotCoin.cs:17 (BlingHitSound); Items\Weapons\Melee\WulfrumScrewdriver.cs:26 (FunnyUltrablingSound)
397,Custom\ur.ogg,Custom,Custom,ur,自定义/Boss/系统,自定义系统/敌怪/Boss/环境音效；动作：通用/特殊；主题：ur。 未找到直接字符串引用，可能由资源约定、动态路径或遗留资源使用。,0.31,11.0,2,44100,0,
398,Custom\VoidstoneMine1.ogg,Custom,Custom,VoidstoneMine1,自定义/Boss/系统,自定义系统/敌怪/Boss/环境音效；动作：激活/使用/UI；主题：Voidstone Mine。 代码标识：VoidstoneMine。,0.44,12.2,2,44100,1,Sounds\CommonCalamitySounds.cs:33 (VoidstoneMine)
399,Custom\VoidstoneMine2.ogg,Custom,Custom,VoidstoneMine2,自定义/Boss/系统,自定义系统/敌怪/Boss/环境音效；动作：激活/使用/UI；主题：Voidstone Mine。 代码标识：VoidstoneMine。,0.36,10.3,2,44100,1,Sounds\CommonCalamitySounds.cs:33 (VoidstoneMine)
400,Custom\VoidstoneMine3.ogg,Custom,Custom,VoidstoneMine3,自定义/Boss/系统,自定义系统/敌怪/Boss/环境音效；动作：激活/使用/UI；主题：Voidstone Mine。 代码标识：VoidstoneMine。,0.24,9.0,2,44100,1,Sounds\CommonCalamitySounds.cs:33 (VoidstoneMine)
401,Custom\WeaponEnchant.ogg,Custom,Custom,WeaponEnchant,自定义/Boss/系统,自定义系统/敌怪/Boss/环境音效；动作：激活/使用/UI；主题：Weapon Enchant。 首处代码上下文：CalamityPlayerMiscEffects.cs。,3.51,29.2,2,44100,3,CalPlayer\CalamityPlayerMiscEffects.cs:1082; UI\CalamitasEnchantments\CalamitasEnchantUI.cs:30 (EnchSound); Projectiles\Magic\IncineratingFireball.cs:134
402,Custom\WeaponExhume.ogg,Custom,Custom,WeaponExhume,自定义/Boss/系统,自定义系统/敌怪/Boss/环境音效；动作：激活/使用/UI；主题：Weapon Exhume。 代码标识：EXSound。,4.96,36.7,2,44100,1,UI\CalamitasEnchantments\CalamitasEnchantUI.cs:31 (EXSound)
403,Custom\WeaverArmorShed.ogg,Custom,Custom,WeaverArmorShed,自定义/Boss/系统,自定义系统/敌怪/Boss/环境音效；动作：通用/特殊；主题：Weaver Armor Shed。 代码标识：ArmorShedSound。,1.72,21.4,2,44100,1,NPCs\StormWeaver\StormWeaverHead.cs:54 (ArmorShedSound)
404,Custom\WetSlap1.ogg,Custom,Custom,WetSlap1,自定义/Boss/系统,自定义系统/敌怪/Boss/环境音效；动作：通用/特殊；主题：Wet Slap。 代码标识：SlapSound。,0.99,15.8,2,44100,2,Projectiles\Summon\CnidarianJellyfishOnTheString.cs:31 (SlapSound); Projectiles\Typeless\LeviAmberDash.cs:28 (Slap)
405,Custom\WetSlap2.ogg,Custom,Custom,WetSlap2,自定义/Boss/系统,自定义系统/敌怪/Boss/环境音效；动作：通用/特殊；主题：Wet Slap。 代码标识：SlapSound。,0.99,15.8,2,44100,2,Projectiles\Summon\CnidarianJellyfishOnTheString.cs:31 (SlapSound); Projectiles\Typeless\LeviAmberDash.cs:28 (Slap)
406,Custom\WetSlap3.ogg,Custom,Custom,WetSlap3,自定义/Boss/系统,自定义系统/敌怪/Boss/环境音效；动作：通用/特殊；主题：Wet Slap。 代码标识：SlapSound。,0.99,16.0,2,44100,2,Projectiles\Summon\CnidarianJellyfishOnTheString.cs:31 (SlapSound); Projectiles\Typeless\LeviAmberDash.cs:28 (Slap)
407,Custom\WetSlap4.ogg,Custom,Custom,WetSlap4,自定义/Boss/系统,自定义系统/敌怪/Boss/环境音效；动作：通用/特殊；主题：Wet Slap。 代码标识：SlapSound。,0.99,16.7,2,44100,2,Projectiles\Summon\CnidarianJellyfishOnTheString.cs:31 (SlapSound); Projectiles\Typeless\LeviAmberDash.cs:28 (Slap)
408,Custom\WulfrumDroidChirp1.ogg,Custom,Custom,WulfrumDroidChirp1,自定义/Boss/系统,自定义系统/敌怪/Boss/环境音效；动作：通用/特殊；主题：Wulfrum Droid Chirp。 代码标识：RandomChirpSound。,0.72,17.9,2,96000,1,Projectiles\Summon\WulfrumDroid.cs:26 (RandomChirpSound)
409,Custom\WulfrumDroidChirp2.ogg,Custom,Custom,WulfrumDroidChirp2,自定义/Boss/系统,自定义系统/敌怪/Boss/环境音效；动作：通用/特殊；主题：Wulfrum Droid Chirp。 代码标识：RandomChirpSound。,0.48,14.7,2,96000,1,Projectiles\Summon\WulfrumDroid.cs:26 (RandomChirpSound)
410,Custom\WulfrumDroidChirp3.ogg,Custom,Custom,WulfrumDroidChirp3,自定义/Boss/系统,自定义系统/敌怪/Boss/环境音效；动作：通用/特殊；主题：Wulfrum Droid Chirp。 代码标识：RandomChirpSound。,0.79,19.5,2,96000,1,Projectiles\Summon\WulfrumDroid.cs:26 (RandomChirpSound)
411,Custom\WulfrumDroidChirp4.ogg,Custom,Custom,WulfrumDroidChirp4,自定义/Boss/系统,自定义系统/敌怪/Boss/环境音效；动作：通用/特殊；主题：Wulfrum Droid Chirp。 代码标识：RandomChirpSound。,0.91,20.5,2,96000,1,Projectiles\Summon\WulfrumDroid.cs:26 (RandomChirpSound)
412,Custom\WulfrumDroidFire.ogg,Custom,Custom,WulfrumDroidFire,自定义/Boss/系统,自定义系统/敌怪/Boss/环境音效；动作：射击/发射；主题：Wulfrum Droid Fire。 代码标识：PewSound。,1.27,26.5,2,96000,1,Projectiles\Summon\WulfrumDroid.cs:25 (PewSound)
413,Custom\WulfrumDroidHurry1.ogg,Custom,Custom,WulfrumDroidHurry1,自定义/Boss/系统,自定义系统/敌怪/Boss/环境音效；动作：通用/特殊；主题：Wulfrum Droid Hurry。 代码标识：HurrySound。,1.71,34.8,2,96000,2,Projectiles\Summon\WulfrumDroid.cs:27 (HurrySound); NPCs\DraedonLabThings\Androomba.cs:21 (HurrySound)
414,Custom\WulfrumDroidHurry2.ogg,Custom,Custom,WulfrumDroidHurry2,自定义/Boss/系统,自定义系统/敌怪/Boss/环境音效；动作：通用/特殊；主题：Wulfrum Droid Hurry。 代码标识：HurrySound。,0.91,22.2,2,96000,2,Projectiles\Summon\WulfrumDroid.cs:27 (HurrySound); NPCs\DraedonLabThings\Androomba.cs:21 (HurrySound)
415,Custom\WulfrumDroidRepair.ogg,Custom,Custom,WulfrumDroidRepair,自定义/Boss/系统,自定义系统/敌怪/Boss/环境音效；动作：通用/特殊；主题：Wulfrum Droid Repair。 代码标识：RepairSound。,1.49,33.7,2,96000,1,Projectiles\Summon\WulfrumDroid.cs:28 (RepairSound)
416,Custom\WulfrumDroidSpawnBeep.ogg,Custom,Custom,WulfrumDroidSpawnBeep,自定义/Boss/系统,自定义系统/敌怪/Boss/环境音效；动作：移动/生成/阶段转换；主题：Wulfrum Droid Spawn Beep。 代码标识：HelloSound。,0.45,16.1,2,96000,1,Projectiles\Summon\WulfrumDroid.cs:24 (HelloSound)
417,Custom\WulfrumExtraDrop.ogg,Custom,Custom,WulfrumExtraDrop,自定义/Boss/系统,自定义系统/敌怪/Boss/环境音效；动作：通用/特殊；主题：Wulfrum Extra Drop。 代码标识：ExtraDropSound。,0.89,26.4,2,48000,1,Items\Accessories\WulfrumBattery.cs:13 (ExtraDropSound)
418,Custom\WulfrumHookDisengage.ogg,Custom,Custom,WulfrumHookDisengage,自定义/Boss/系统,自定义系统/敌怪/Boss/环境音效；动作：通用/特殊；主题：Wulfrum Hook Disengage。 代码标识：ReleaseSound。,0.62,16.5,2,44100,1,Items\Accessories\WulfrumAcrobaticsPack.cs:26 (ReleaseSound)
419,Custom\WulfrumHookGrapple.ogg,Custom,Custom,WulfrumHookGrapple,自定义/Boss/系统,自定义系统/敌怪/Boss/环境音效；动作：通用/特殊；主题：Wulfrum Hook Grapple。 代码标识：GrabSound。,1.14,26.0,2,44100,1,Items\Accessories\WulfrumAcrobaticsPack.cs:25 (GrabSound)
420,Custom\WulfrumHookShoot.ogg,Custom,Custom,WulfrumHookShoot,自定义/Boss/系统,自定义系统/敌怪/Boss/环境音效；动作：射击/发射；主题：Wulfrum Hook Shoot。 代码标识：ShootSound。,0.78,14.7,2,44100,1,Items\Accessories\WulfrumAcrobaticsPack.cs:24 (ShootSound)
421,Custom\WulfrumMachineBreak.ogg,Custom,Custom,WulfrumMachineBreak,自定义/Boss/系统,自定义系统/敌怪/Boss/环境音效；动作：采掘/破碎/物块碰撞；主题：Wulfrum Machine Break。 代码标识：BreakingSound。,1.55,29.1,2,44100,1,Projectiles\Typeless\WulfrumDiggingTurtleProjectile.cs:19 (BreakingSound)
422,Custom\WulfrumSawCutting.ogg,Custom,Custom,WulfrumSawCutting,自定义/Boss/系统,自定义系统/敌怪/Boss/环境音效；动作：通用/特殊；主题：Wulfrum Saw Cutting。 代码标识：CuttingSound。,3.33,63.0,2,48000,1,Projectiles\Typeless\WulfrumDiggingTurtleProjectile.cs:18 (CuttingSound)
423,Custom\WulfrumSawIdle.ogg,Custom,Custom,WulfrumSawIdle,自定义/Boss/系统,自定义系统/敌怪/Boss/环境音效；动作：循环/开始结束/预警；主题：Wulfrum Saw Idle。 代码标识：IdleSound。,8.66,164.8,2,48000,1,Projectiles\Typeless\WulfrumDiggingTurtleProjectile.cs:17 (IdleSound)
424,Custom\WyrmScream.ogg,Custom,Custom,WyrmScream,自定义/Boss/系统,自定义系统/敌怪/Boss/环境音效；动作：吼叫/语音；主题：Wyrm Scream。 代码标识：WyrmScreamSound。,3.32,44.6,2,48000,1,Sounds\CommonCalamitySounds.cs:36 (WyrmScreamSound)
425,Custom\Yharon\YharonFire.ogg,Custom,Custom\Yharon,YharonFire,自定义/Boss/系统,Custom\Yharon 专用音效；动作：射击/发射；主题：Yharon Fire。 代码标识：FireSound。,2.63,53.3,2,44100,1,NPCs\Yharon\Yharon.cs:61 (FireSound)
426,Custom\Yharon\YharonFireball1.ogg,Custom,Custom\Yharon,YharonFireball1,自定义/Boss/系统,Custom\Yharon 专用音效；动作：射击/发射；主题：Yharon Fireball。 代码标识：FireballSound。,0.47,9.7,2,44100,2,Projectiles\Boss\YharonFireball2.cs:17 (FireballSound); Items\Weapons\Ranged\DragonsBreath.cs:21 (FireballSound)
427,Custom\Yharon\YharonFireball2.ogg,Custom,Custom\Yharon,YharonFireball2,自定义/Boss/系统,Custom\Yharon 专用音效；动作：射击/发射；主题：Yharon Fireball。 代码标识：FireballSound。,0.48,9.9,2,44100,2,Projectiles\Boss\YharonFireball2.cs:17 (FireballSound); Items\Weapons\Ranged\DragonsBreath.cs:21 (FireballSound)
428,Custom\Yharon\YharonFireball3.ogg,Custom,Custom\Yharon,YharonFireball3,自定义/Boss/系统,Custom\Yharon 专用音效；动作：射击/发射；主题：Yharon Fireball。 代码标识：FireballSound。,0.48,9.0,2,44100,2,Projectiles\Boss\YharonFireball2.cs:17 (FireballSound); Items\Weapons\Ranged\DragonsBreath.cs:21 (FireballSound)
429,Custom\Yharon\YharonFireOrb.ogg,Custom,Custom\Yharon,YharonFireOrb,自定义/Boss/系统,Custom\Yharon 专用音效；动作：射击/发射；主题：Yharon Fire Orb。 代码标识：OrbSound。,5.12,63.7,2,44100,1,NPCs\Yharon\Yharon.cs:62 (OrbSound)
430,Custom\Yharon\YharonInfernado.ogg,Custom,Custom\Yharon,YharonInfernado,自定义/Boss/系统,Custom\Yharon 专用音效；动作：激活/使用/UI；主题：Yharon Infernado。 代码标识：FlareSound。,3.24,35.7,2,44100,6,Projectiles\Boss\BigFlare.cs:15 (FlareSound); Projectiles\Boss\BigFlare2.cs:15 (FlareSound); Projectiles\Boss\Flare.cs:16 (FlareSound); 另 3 处
431,Custom\Yharon\YharonRoar.ogg,Custom,Custom\Yharon,YharonRoar,自定义/Boss/系统,Custom\Yharon 专用音效；动作：激活/使用/UI；主题：Yharon Roar。 代码标识：RoarSound。,5.30,45.9,1,44100,1,NPCs\Yharon\Yharon.cs:59 (RoarSound)
432,Custom\Yharon\YharonRoarShort.ogg,Custom,Custom\Yharon,YharonRoarShort,自定义/Boss/系统,Custom\Yharon 专用音效；动作：激活/使用/UI；主题：Yharon Roar Short。 代码标识：ShortRoarSound。,1.62,16.5,1,44100,1,NPCs\Yharon\Yharon.cs:60 (ShortRoarSound)
433,Item\AmidiasTrident_Raise.ogg,Item,Item,AmidiasTrident_Raise,物品/武器,物品/武器音效；动作：通用/特殊；主题：Amidias Trident Raise。 未找到直接字符串引用，可能由资源约定、动态路径或遗留资源使用。,1.57,65.1,2,44100,0,
434,Item\AmidiasTrident_Spin.ogg,Item,Item,AmidiasTrident_Spin,物品/武器,物品/武器音效；动作：近战挥击/撞击；主题：Amidias Trident Spin。 未找到直接字符串引用，可能由资源约定、动态路径或遗留资源使用。,0.94,45.8,2,44100,0,
435,Item\AmidiasTrident_Stab1.ogg,Item,Item,AmidiasTrident_Stab1,物品/武器,物品/武器音效；动作：近战挥击/撞击；主题：Amidias Trident Stab。 未找到直接字符串引用，可能由资源约定、动态路径或遗留资源使用。,0.49,23.1,2,44100,0,
436,Item\AmidiasTrident_Stab2.ogg,Item,Item,AmidiasTrident_Stab2,物品/武器,物品/武器音效；动作：近战挥击/撞击；主题：Amidias Trident Stab。 未找到直接字符串引用，可能由资源约定、动态路径或遗留资源使用。,0.48,24.8,2,44100,0,
437,Item\AmphibiansGuitarSummon.ogg,Item,Item,AmphibiansGuitarSummon,物品/武器,物品/武器音效；动作：激活/使用/UI；主题：Amphibians Guitar Summon。 代码标识：spawnSound。,0.90,28.5,2,48000,1,Projectiles\Summon\AmphibiansGuitarMinion.cs:55 (spawnSound)
438,Item\AnomalysNanogunMPFBExplosion.ogg,Item,Item,AnomalysNanogunMPFBExplosion,物品/武器,物品/武器音效；动作：爆炸/爆裂；主题：Anomalys Nanogun MPFB Explosion。 代码标识：MPFBExplosion。,1.17,12.9,1,44100,2,Projectiles\DraedonsArsenal\AnomalysNanogunMPFBBoom.cs:12 (MPFBExplosion); Projectiles\Ranged\ScorchedEarthRocket.cs:19 (RocketExplosion)
439,Item\AnomalysNanogunMPFBShot.ogg,Item,Item,AnomalysNanogunMPFBShot,物品/武器,物品/武器音效；动作：射击/发射；主题：Anomalys Nanogun MPFB Shot。 代码标识：MPFBShotSFX。,0.71,9.4,1,44100,2,Items\Weapons\DraedonsArsenal\TheAnomalysNanogun.cs:21 (MPFBShotSFX); Items\Weapons\Magic\SHPC.cs:21 (FireSound)
440,Item\AnomalysNanogunPlasmaCharge.ogg,Item,Item,AnomalysNanogunPlasmaCharge,物品/武器,物品/武器音效；动作：蓄力/充能/冷却；主题：Anomalys Nanogun Plasma Charge。 代码标识：PlasmaChargeSFX。,0.84,9.8,1,44100,1,Items\Weapons\DraedonsArsenal\TheAnomalysNanogun.cs:20 (PlasmaChargeSFX)
441,Item\AnomalysNanogunPlasmaShot.ogg,Item,Item,AnomalysNanogunPlasmaShot,物品/武器,物品/武器音效；动作：射击/发射；主题：Anomalys Nanogun Plasma Shot。 代码标识：PlasmaShotSFX。,1.38,9.9,1,22050,1,Items\Weapons\DraedonsArsenal\TheAnomalysNanogun.cs:22 (PlasmaShotSFX)
442,Item\ApoctosisShoot.ogg,Item,Item,ApoctosisShoot,物品/武器,物品/武器音效；动作：射击/发射；主题：Apoctosis Shoot。 代码标识：shoot。,0.91,23.1,2,48000,1,Projectiles\Magic\ApoctosisArrayHoldout.cs:259 (shoot)
443,Item\ArcFlash.ogg,Item,Item,ArcFlash,物品/武器,物品/武器音效；动作：通用/特殊；主题：Arc Flash。 代码标识：fire。,0.77,27.8,2,44100,1,Projectiles\Typeless\FlashBolt.cs:53 (fire)
444,Item\ArcNovaDiffuserBigShot.ogg,Item,Item,ArcNovaDiffuserBigShot,物品/武器,物品/武器音效；动作：射击/发射；主题：Arc Nova Diffuser Big Shot。 代码标识：fire。,1.50,17.1,1,32000,3,Projectiles\Magic\OmicronHoldout.cs:121 (fire); Items\Weapons\Ranged\ArcNovaDiffuser.cs:21 (BigShot); Items\Weapons\Ranged\OntologicalDespoiler.cs:23 (BigShot)
445,Item\ArcNovaDiffuserChargeImpact.ogg,Item,Item,ArcNovaDiffuserChargeImpact,物品/武器,物品/武器音效；动作：受击/命中/冲击；主题：Arc Nova Diffuser Charge Impact。 代码标识：fire。,1.13,15.5,1,32000,4,Projectiles\Magic\GenesisBeam.cs:124 (fire); Projectiles\Magic\VolterionOrb.cs:19 (ExplosionSound); Projectiles\Magic\WingmanGrenade.cs:83 (fire); 另 1 处
446,Item\ArcNovaDiffuserChargeLoop.ogg,Item,Item,ArcNovaDiffuserChargeLoop,物品/武器,物品/武器音效；动作：蓄力/充能/冷却；主题：Arc Nova Diffuser Charge Loop。 代码标识：OrbSound。,2.53,26.0,1,32000,3,Projectiles\Ranged\TauCannonHoldout.cs:71 (OrbSound); Items\Weapons\Ranged\ArcNovaDiffuser.cs:18 (ChargeLoop); Items\Weapons\Ranged\OntologicalDespoiler.cs:20 (ChargeLoop)
447,Item\ArcNovaDiffuserChargeLV1.ogg,Item,Item,ArcNovaDiffuserChargeLV1,物品/武器,物品/武器音效；动作：蓄力/充能/冷却；主题：Arc Nova Diffuser Charge LV。 代码标识：ChargeLV1Sound。,0.95,11.4,1,32000,4,Projectiles\Ranged\TauCannonHoldout.cs:69 (ChargeLV1Sound); Items\Weapons\Ranged\ArcNovaDiffuser.cs:15 (ChargeLV1); Items\Weapons\Ranged\OntologicalDespoiler.cs:17 (ChargeLV1); 另 1 处
448,Item\ArcNovaDiffuserChargeLV2.ogg,Item,Item,ArcNovaDiffuserChargeLV2,物品/武器,物品/武器音效；动作：蓄力/充能/冷却；主题：Arc Nova Diffuser Charge LV。 代码标识：ChargeLV2Sound。,0.95,12.4,1,32000,4,Projectiles\Ranged\TauCannonHoldout.cs:70 (ChargeLV2Sound); Items\Weapons\Ranged\ArcNovaDiffuser.cs:16 (ChargeLV2); Items\Weapons\Ranged\OntologicalDespoiler.cs:18 (ChargeLV2); 另 1 处
449,Item\ArcNovaDiffuserChargeStart.ogg,Item,Item,ArcNovaDiffuserChargeStart,物品/武器,物品/武器音效；动作：蓄力/充能/冷却；主题：Arc Nova Diffuser Charge Start。 代码标识：ChargeStart。,2.44,25.3,1,32000,2,Items\Weapons\Ranged\ArcNovaDiffuser.cs:17 (ChargeStart); Items\Weapons\Ranged\OntologicalDespoiler.cs:19 (ChargeStart)
450,Item\ArcNovaDiffuserCompleteCharge.ogg,Item,Item,ArcNovaDiffuserCompleteCharge,物品/武器,物品/武器音效；动作：蓄力/充能/冷却；主题：Arc Nova Diffuser Complete Charge。 未找到直接字符串引用，可能由资源约定、动态路径或遗留资源使用。,7.50,68.8,1,32000,0,
451,Item\ArcNovaDiffuserSmallShot.ogg,Item,Item,ArcNovaDiffuserSmallShot,物品/武器,物品/武器音效；动作：射击/发射；主题：Arc Nova Diffuser Small Shot。 代码标识：SmallShot。,0.77,10.6,1,32000,2,Items\Weapons\Ranged\ArcNovaDiffuser.cs:20 (SmallShot); Items\Weapons\Ranged\OntologicalDespoiler.cs:22 (SmallShot)
452,Item\ArsenalOffCooldown.ogg,Item,Item,ArsenalOffCooldown,物品/武器,物品/武器音效；动作：蓄力/充能/冷却；主题：Arsenal Off Cooldown。 代码标识：EndSound。,1.32,30.3,2,32000,1,Cooldowns\ArsenalPower.cs:24 (EndSound)
453,Item\ArtAttackCast.ogg,Item,Item,ArtAttackCast,物品/武器,物品/武器音效；动作：通用/特殊；主题：Art Attack Cast。 代码标识：UseSound。,1.06,23.0,2,44100,1,Items\Weapons\Magic\ArtAttack.cs:14 (UseSound)
454,Item\AscendantActivate.ogg,Item,Item,AscendantActivate,物品/武器,物品/武器音效；动作：激活/使用/UI；主题：Ascendant Activate。 首处代码上下文：CalamityPlayer.cs。,3.00,34.6,2,32000,2,CalPlayer\CalamityPlayer.cs:3489; Projectiles\Typeless\AscendantAura.cs:105 (s)
455,Item\AscendantOff.ogg,Item,Item,AscendantOff,物品/武器,物品/武器音效；动作：激活/使用/UI；主题：Ascendant Off。 代码标识：EndSound。,2.57,48.6,2,32000,1,Cooldowns\AscendEffect.cs:17 (EndSound)
456,Item\AstralSlash1.ogg,Item,Item,AstralSlash1,物品/武器,物品/武器音效；动作：近战挥击/撞击；主题：Astral Slash。 代码标识：sound。,1.55,37.5,2,44100,1,Projectiles\Typeless\UrsaSlash.cs:89 (sound)
457,Item\AstralSlash2.ogg,Item,Item,AstralSlash2,物品/武器,物品/武器音效；动作：近战挥击/撞击；主题：Astral Slash。 代码标识：sound。,1.55,41.8,2,44100,1,Projectiles\Typeless\UrsaSlash.cs:89 (sound)
458,Item\AstralSlash3.ogg,Item,Item,AstralSlash3,物品/武器,物品/武器音效；动作：近战挥击/撞击；主题：Astral Slash。 代码标识：sound。,1.55,42.1,2,44100,1,Projectiles\Typeless\UrsaSlash.cs:89 (sound)
459,Item\AugerBigSlash.ogg,Item,Item,AugerBigSlash,物品/武器,物品/武器音效；动作：近战挥击/撞击；主题：Auger Big Slash。 代码标识：swing。,1.35,35.6,2,44100,1,Projectiles\DraedonsArsenal\AugerHoldout.cs:206 (swing)
460,Item\AugerHit.ogg,Item,Item,AugerHit,物品/武器,物品/武器音效；动作：受击/命中/冲击；主题：Auger Hit。 代码标识：hit。,0.70,14.5,1,44100,1,Projectiles\DraedonsArsenal\AugerSlash.cs:97 (hit)
461,Item\AugerPull.ogg,Item,Item,AugerPull,物品/武器,物品/武器音效；动作：通用/特殊；主题：Auger Pull。 代码标识：pull。,0.54,15.7,2,44100,1,Projectiles\DraedonsArsenal\AugerHoldout.cs:108 (pull)
462,Item\AugerSlash1.ogg,Item,Item,AugerSlash1,物品/武器,物品/武器音效；动作：近战挥击/撞击；主题：Auger Slash。 代码标识：swing。,0.67,20.2,2,44100,1,Projectiles\DraedonsArsenal\AugerHoldout.cs:206 (swing)
463,Item\AugerSlash2.ogg,Item,Item,AugerSlash2,物品/武器,物品/武器音效；动作：近战挥击/撞击；主题：Auger Slash。 代码标识：swing。,0.88,23.7,2,44100,1,Projectiles\DraedonsArsenal\AugerHoldout.cs:206 (swing)
464,Item\AugerWindup.ogg,Item,Item,AugerWindup,物品/武器,物品/武器音效；动作：蓄力/充能/冷却；主题：Auger Windup。 代码标识：windup。,0.22,9.8,2,44100,1,Projectiles\DraedonsArsenal\AugerHoldout.cs:165 (windup)
465,Item\AuricBulletHit.ogg,Item,Item,AuricBulletHit,物品/武器,物品/武器音效；动作：受击/命中/冲击；主题：Auric Bullet Hit。 代码标识：fire。,1.39,15.2,1,44100,5,Projectiles\Magic\VoidVortexProj.cs:157 (fire); Projectiles\Melee\SkytideDragoonHoldout.cs:234 (fire2); Projectiles\Melee\SkytideDragoonHoldout.cs:295 (fire); 另 2 处
466,Item\BatholithBangleSound.ogg,Item,Item,BatholithBangleSound,物品/武器,物品/武器音效；动作：通用/特殊；主题：Batholith Bangle Sound。 代码标识：sound。,5.19,135.4,2,44100,1,Projectiles\Typeless\BatholithBangleProjectile.cs:52 (sound)
467,Item\BlackGlassBandSound.ogg,Item,Item,BlackGlassBandSound,物品/武器,物品/武器音效；动作：通用/特殊；主题：Black Glass Band Sound。 代码标识：sound。,0.80,23.0,2,44100,1,Projectiles\Typeless\BlackGlassBandProjectile.cs:36 (sound)
468,Item\BlazingCoreParry.ogg,Item,Item,BlazingCoreParry,物品/武器,物品/武器音效；动作：通用/特殊；主题：Blazing Core Parry。 代码标识：fire2。,1.44,27.6,2,48000,4,Projectiles\Ranged\NukeOfBliss.cs:157 (fire2); Projectiles\Rogue\SpearofDestinyStealth.cs:15 (Hitsound); Items\Accessories\BlazingCore.cs:21 (ParrySuccessSound); 另 1 处
469,Item\BlazingCoreParryActivate.ogg,Item,Item,BlazingCoreParryActivate,物品/武器,物品/武器音效；动作：激活/使用/UI；主题：Blazing Core Parry Activate。 代码标识：ParryActivateSound。,0.66,16.1,2,48000,1,Items\Accessories\BlazingCore.cs:20 (ParryActivateSound)
470,Item\BloodOrangeConsume.ogg,Item,Item,BloodOrangeConsume,物品/武器,物品/武器音效；动作：激活/使用/UI；主题：Blood Orange Consume。 代码标识：UseSound。,1.84,38.9,2,44100,1,Items\PermanentBoosters\SanguineTangerine.cs:21 (UseSound)
471,Item\BreakAndReform.ogg,Item,Item,BreakAndReform,物品/武器,物品/武器音效；动作：采掘/破碎/物块碰撞；主题：Break And Reform。 代码标识：sound。,0.69,25.9,2,44100,1,Projectiles\Rogue\WhitewaterProj.cs:194 (sound)
472,Item\CalamityBell.ogg,Item,Item,CalamityBell,物品/武器,物品/武器音效；动作：通用/特殊；主题：Calamity Bell。 代码标识：UseSoundFunny。,1.58,28.9,2,44100,5,Projectiles\Melee\FallenPaladinsHammerProj.cs:19 (UseSoundFunny); Projectiles\Melee\GalaxySmasherHammer.cs:25 (UseSoundFunny); Projectiles\Melee\PwnagehammerProj.cs:15 (UseSoundFunny); 另 2 处
473,Item\CeaselessVoidSpawn.ogg,Item,Item,CeaselessVoidSpawn,物品/武器,物品/武器音效；动作：移动/生成/阶段转换；主题：Ceaseless Void Spawn。 代码标识：CVSound。,3.79,64.2,2,44100,1,Items\SummonItems\MarkofProvidence.cs:19 (CVSound)
474,Item\ChainPull.ogg,Item,Item,ChainPull,物品/武器,物品/武器音效；动作：通用/特殊；主题：Chain Pull。 代码标识：pull3。,0.93,33.2,2,44100,1,Projectiles\Ranged\SepticSkewerHarpoon.cs:130 (pull3)
475,Item\ClamImpact.ogg,Item,Item,ClamImpact,物品/武器,物品/武器音效；动作：受击/命中/冲击；主题：Clam Impact。 代码标识：SlamSound。,0.49,10.7,2,44100,1,NPCs\SunkenSea\GiantClam.cs:31 (SlamSound)
476,Item\CometShardUse.ogg,Item,Item,CometShardUse,物品/武器,物品/武器音效；动作：激活/使用/UI；主题：Comet Shard Use。 代码标识：UseSound。,2.79,20.3,2,44100,1,Items\PermanentBoosters\CometShard.cs:16 (UseSound)
477,Item\CrackshotColtShot.ogg,Item,Item,CrackshotColtShot,物品/武器,物品/武器音效；动作：射击/发射；主题：Crackshot Colt Shot。 代码标识：ShootSound。,1.59,34.8,2,44100,1,Items\Weapons\Ranged\MidasPrime.cs:23 (ShootSound)
478,Item\CrystylCharge.ogg,Item,Item,CrystylCharge,物品/武器,物品/武器音效；动作：蓄力/充能/冷却；主题：Crystyl Charge。 代码标识：ChargeSound。,1.52,17.6,1,44100,1,Items\Tools\CrystylCrusher.cs:21 (ChargeSound)
479,Item\CursedDaggerThrow.ogg,Item,Item,CursedDaggerThrow,物品/武器,物品/武器音效；动作：射击/发射；主题：Cursed Dagger Throw。 代码标识：fire。,0.55,8.2,1,48000,5,Projectiles\Melee\CometQuasherHoldout.cs:202 (fire); Projectiles\Melee\MajesticGuardHoldout.cs:188 (fire); Projectiles\Melee\StellarStrikerHoldout.cs:199 (fire); 另 2 处
480,Item\DampExplosion.ogg,Item,Item,DampExplosion,物品/武器,物品/武器音效；动作：爆炸/爆裂；主题：Damp Explosion。 代码标识：fire3。,0.33,6.6,1,32000,1,Projectiles\Melee\BasherHoldout.cs:197 (fire3)
481,Item\DashSound.ogg,Item,Item,DashSound,物品/武器,物品/武器音效；动作：移动/生成/阶段转换；主题：Dash Sound。 代码标识：dash。,0.62,18.8,2,48000,1,CalPlayer\CalamityPlayerMiscEffects.cs:567 (dash)
482,Item\DeadSunExplosion.ogg,Item,Item,DeadSunExplosion,物品/武器,物品/武器音效；动作：爆炸/爆裂；主题：Dead Sun Explosion。 代码标识：fire。,1.45,16.6,1,44100,3,Projectiles\Magic\OmicronWingman.cs:166 (fire); Projectiles\Magic\WingmanHoldout.cs:195 (fire); Items\Weapons\Ranged\DeadSunsWind.cs:17 (Explosion)
483,Item\DeadSunRicochet.ogg,Item,Item,DeadSunRicochet,物品/武器,物品/武器音效；动作：通用/特殊；主题：Dead Sun Ricochet。 代码标识：explo2。,0.64,9.5,1,44100,3,Projectiles\Rogue\DestructionStar.cs:129 (explo2); NPCs\SupremeCalamitas\SepulcherHead.cs:358; Items\Weapons\Ranged\DeadSunsWind.cs:16 (Ricochet)
484,Item\DeadSunShot.ogg,Item,Item,DeadSunShot,物品/武器,物品/武器音效；动作：射击/发射；主题：Dead Sun Shot。 代码标识：ShootSound。,0.91,11.9,1,44100,1,Items\Weapons\Ranged\DeadSunsWind.cs:15 (ShootSound)
485,Item\DemonSwordFinalStrike.ogg,Item,Item,DemonSwordFinalStrike,物品/武器,物品/武器音效；动作：激活/使用/UI；主题：Demon Sword Final Strike。 代码标识：dieSound。,3.04,71.6,2,44100,1,Projectiles\Melee\DevilsDevastationHoldout.cs:260 (dieSound)
486,Item\DemonSwordImpact1.ogg,Item,Item,DemonSwordImpact1,物品/武器,物品/武器音效；动作：受击/命中/冲击；主题：Demon Sword Impact。 代码标识：stuck。,1.82,39.5,2,44100,7,Projectiles\Melee\BladecrestOathswordThrownBlade.cs:104 (stuck); Projectiles\Melee\BladecrestOathswordThrownBlade.cs:382 (stuck); Projectiles\Melee\DevilsDevastationThrownBlade.cs:320 (stuck2); 另 4 处
487,Item\DemonSwordImpact2.ogg,Item,Item,DemonSwordImpact2,物品/武器,物品/武器音效；动作：受击/命中/冲击；主题：Demon Sword Impact。 代码标识：stuck。,1.95,43.7,2,44100,7,Projectiles\Melee\BladecrestOathswordThrownBlade.cs:104 (stuck); Projectiles\Melee\BladecrestOathswordThrownBlade.cs:382 (stuck); Projectiles\Melee\DevilsDevastationThrownBlade.cs:320 (stuck2); 另 4 处
488,Item\DemonSwordInsaneImpact.ogg,Item,Item,DemonSwordInsaneImpact,物品/武器,物品/武器音效；动作：受击/命中/冲击；主题：Demon Sword Insane Impact。 代码标识：swing。,2.41,38.2,1,44100,2,Projectiles\Melee\DevilsDevastationHoldout.cs:458 (swing); Projectiles\Melee\ExaltedOathbladeHoldout.cs:310 (swing)
489,Item\DemonSwordKillMode.ogg,Item,Item,DemonSwordKillMode,物品/武器,物品/武器音效；动作：激活/使用/UI；主题：Demon Sword Kill Mode。 代码标识：buff。,2.26,51.7,2,44100,3,Items\Weapons\Melee\DevilsDevastation.cs:53 (buff); Items\Weapons\Melee\ExaltedOathblade.cs:51 (buff); Items\Weapons\Melee\ForbiddenOathblade.cs:50 (buff)
490,Item\DemonSwordKillModeOffCooldown.ogg,Item,Item,DemonSwordKillModeOffCooldown,物品/武器,物品/武器音效；动作：蓄力/充能/冷却；主题：Demon Sword Kill Mode Off Cooldown。 代码标识：EndSound。,0.34,13.1,2,44100,1,Cooldowns\KillMode.cs:25 (EndSound)
491,Item\DemonSwordStrongImpact.ogg,Item,Item,DemonSwordStrongImpact,物品/武器,物品/武器音效；动作：受击/命中/冲击；主题：Demon Sword Strong Impact。 代码标识：swing。,2.17,31.7,1,44100,2,Projectiles\Melee\ForbiddenOathbladeHoldout.cs:357 (swing); Projectiles\Melee\OldLordClaymoreHoldout.cs:221 (swing)
492,Item\DemonSwordSwing1.ogg,Item,Item,DemonSwordSwing1,物品/武器,物品/武器音效；动作：激活/使用/UI；主题：Demon Sword Swing。 代码标识：swing。,0.70,18.7,2,44100,8,Projectiles\Melee\BladecrestOathswordThrownBlade.cs:280 (swing); Projectiles\Melee\DevilsDevastationHoldout.cs:319 (swing); Projectiles\Melee\DevilsDevastationThrownBlade.cs:257 (swing); 另 5 处
493,Item\DemonSwordSwing2.ogg,Item,Item,DemonSwordSwing2,物品/武器,物品/武器音效；动作：激活/使用/UI；主题：Demon Sword Swing。 代码标识：swing。,0.70,20.1,2,44100,9,Projectiles\Melee\BladecrestOathswordThrownBlade.cs:280 (swing); Projectiles\Melee\DevilsDevastationHoldout.cs:319 (swing); Projectiles\Melee\DevilsDevastationThrownBlade.cs:257 (swing); 另 6 处
494,Item\DoomsdayDeviceImpact.ogg,Item,Item,DoomsdayDeviceImpact,物品/武器,物品/武器音效；动作：受击/命中/冲击；主题：Doomsday Device Impact。 代码标识：sound。,0.75,21.8,2,44100,3,Projectiles\Rogue\DoomsdayDeviceProjectile.cs:303 (sound); Projectiles\Rogue\DoomsdayDeviceProjectile.cs:372 (soundExtra); Projectiles\Rogue\DoomsdayDeviceProjectile.cs:380 (sound)
495,Item\DragonfruitConsume.ogg,Item,Item,DragonfruitConsume,物品/武器,物品/武器音效；动作：激活/使用/UI；主题：Dragonfruit Consume。 代码标识：UseSound。,2.85,72.6,2,44100,1,Items\PermanentBoosters\SacredStrawberry.cs:23 (UseSound)
496,Item\DragonsBreathStrongStart.ogg,Item,Item,DragonsBreathStrongStart,物品/武器,物品/武器音效；动作：激活/使用/UI；主题：Dragons Breath Strong Start。 代码标识：WeldingStart。,3.10,185.1,2,96000,1,Items\Weapons\Ranged\DragonsBreath.cs:22 (WeldingStart)
497,Item\DudFire.ogg,Item,Item,DudFire,物品/武器,物品/武器音效；动作：射击/发射；主题：Dud Fire。 首处代码上下文：AuricLandMineTile.cs。,0.17,7.1,2,32000,22,Tiles\FurnitureAuric\AuricLandMineTile.cs:37; Projectiles\DraedonsArsenal\AqueousHunterDroneSummon.cs:212 (click); Projectiles\DraedonsArsenal\ShortCircuitHook.cs:151; 另 19 处
498,Item\EarthMeteor.ogg,Item,Item,EarthMeteor,物品/武器,物品/武器音效；动作：通用/特殊；主题：Earth Meteor。 代码标识：explo2。,0.97,29.5,2,44100,4,Projectiles\Magic\PrimordialAncientProjectile.cs:247 (explo2); Projectiles\Melee\EarthMeteor.cs:201 (fire2); Projectiles\Ranged\OntologicalDespoilerGrenade.cs:169 (fire); 另 1 处
499,Item\EffervescenceBurst.ogg,Item,Item,EffervescenceBurst,物品/武器,物品/武器音效；动作：爆炸/爆裂；主题：Effervescence Burst。 代码标识：BurstSound。,0.90,13.1,2,44100,1,Items\Weapons\Magic\Effervescence.cs:15 (BurstSound)
500,Item\EffervescenceFire.ogg,Item,Item,EffervescenceFire,物品/武器,物品/武器音效；动作：射击/发射；主题：Effervescence Fire。 代码标识：FireSound。,0.99,16.4,2,44100,1,Items\Weapons\Magic\Effervescence.cs:14 (FireSound)
501,Item\EffervescencePop.ogg,Item,Item,EffervescencePop,物品/武器,物品/武器音效；动作：水体/气泡；主题：Effervescence Pop。 代码标识：PopSound。,0.40,9.1,2,44100,1,Items\Weapons\Magic\Effervescence.cs:16 (PopSound)
502,Item\ElderberryConsume.ogg,Item,Item,ElderberryConsume,物品/武器,物品/武器音效；动作：激活/使用/UI；主题：Elderberry Consume。 代码标识：UseSound。,2.34,51.1,2,44100,1,Items\PermanentBoosters\TaintedCloudberry.cs:22 (UseSound)
503,Item\ElectricBurst.ogg,Item,Item,ElectricBurst,物品/武器,物品/武器音效；动作：爆炸/爆裂；主题：Electric Burst。 代码标识：Explode。,1.32,40.1,2,44100,1,Projectiles\DraedonsArsenal\ShortCircuitHook.cs:19 (Explode)
504,Item\ElectricHit.ogg,Item,Item,ElectricHit,物品/武器,物品/武器音效；动作：受击/命中/冲击；主题：Electric Hit。 代码标识：hitSound。,0.27,5.5,1,48000,1,CalPlayer\CalamityPlayerOnHit.cs:524 (hitSound)
505,Item\ELRFire.ogg,Item,Item,ELRFire,物品/武器,物品/武器音效；动作：射击/发射；主题：ELR Fire。 代码标识：ELRFireSound。,1.09,15.0,2,44100,1,Sounds\CommonCalamitySounds.cs:10 (ELRFireSound)
506,Item\EtherealCoreUse.ogg,Item,Item,EtherealCoreUse,物品/武器,物品/武器音效；动作：激活/使用/UI；主题：Ethereal Core Use。 代码标识：UseSound。,4.48,34.7,2,44100,1,Items\PermanentBoosters\EtherealCore.cs:16 (UseSound)
507,Item\Evernote.ogg,Item,Item,Evernote,物品/武器,物品/武器音效；动作：通用/特殊；主题：Evernote。 代码标识：fire。,0.44,13.0,2,22050,1,Projectiles\Summon\AmphibiansGuitarMinion.cs:91 (fire)
508,Item\ExobladeBeamSlash.ogg,Item,Item,ExobladeBeamSlash,物品/武器,物品/武器音效；动作：激光/光束；主题：Exoblade Beam Slash。 代码标识：charge。,1.76,37.5,2,48000,8,Projectiles\Boss\SupremeCatastropheSlash.cs:127 (charge); Projectiles\Boss\SupremeCatastropheSlash.cs:159 (charge); Projectiles\Melee\EarthHoldout.cs:285 (fire2); 另 5 处
509,Item\ExobladeBigHit.ogg,Item,Item,ExobladeBigHit,物品/武器,物品/武器音效；动作：受击/命中/冲击；主题：Exoblade Big Hit。 代码标识：BigHitSound。,1.21,20.9,2,44100,1,Items\Weapons\Melee\Exoblade.cs:23 (BigHitSound)
510,Item\ExobladeBigSwing.ogg,Item,Item,ExobladeBigSwing,物品/武器,物品/武器音效；动作：近战挥击/撞击；主题：Exoblade Big Swing。 代码标识：BigSwingSound。,1.13,19.7,2,44100,1,Items\Weapons\Melee\Exoblade.cs:22 (BigSwingSound)
511,Item\ExobladeDash.ogg,Item,Item,ExobladeDash,物品/武器,物品/武器音效；动作：移动/生成/阶段转换；主题：Exoblade Dash。 代码标识：DashSound。,1.57,27.6,2,44100,1,Items\Weapons\Melee\Exoblade.cs:25 (DashSound)
512,Item\ExobladeDashImpact.ogg,Item,Item,ExobladeDashImpact,物品/武器,物品/武器音效；动作：受击/命中/冲击；主题：Exoblade Dash Impact。 代码标识：HitSound。,1.20,22.9,2,44100,3,Projectiles\Melee\PrismaticRay.cs:32 (HitSound); Projectiles\Rogue\DestructionStar.cs:185 (explo3); Items\Weapons\Melee\Exoblade.cs:26 (DashHitSound)
513,Item\ExobladeSwing.ogg,Item,Item,ExobladeSwing,物品/武器,物品/武器音效；动作：近战挥击/撞击；主题：Exoblade Swing。 代码标识：SwingSound。,1.13,18.3,2,44100,1,Items\Weapons\Melee\Exoblade.cs:21 (SwingSound)
514,Item\FallenPaladinsHammerBigImpact.ogg,Item,Item,FallenPaladinsHammerBigImpact,物品/武器,物品/武器音效；动作：受击/命中/冲击；主题：Fallen Paladins Hammer Big Impact。 代码标识：SlamHamSound。,3.01,42.5,2,44100,1,Projectiles\Melee\FallenPaladinsHammerEcho.cs:14 (SlamHamSound)
515,Item\FallenPaladinsHammerClone.ogg,Item,Item,FallenPaladinsHammerClone,物品/武器,物品/武器音效；动作：激活/使用/UI；主题：Fallen Paladins Hammer Clone。 代码标识：RedHamSound。,1.03,16.5,2,44100,1,Projectiles\Melee\FallenPaladinsHammerProj.cs:20 (RedHamSound)
516,Item\FestiveJingle.ogg,Item,Item,FestiveJingle,物品/武器,物品/武器音效；动作：通用/特殊；主题：Festive Jingle。 代码标识：JingleSound。,0.60,12.2,2,44100,1,Projectiles\Typeless\FestiveWingsOrnament.cs:15 (JingleSound)
517,Item\FinalDawnSlash.ogg,Item,Item,FinalDawnSlash,物品/武器,物品/武器音效；动作：近战挥击/撞击；主题：Final Dawn Slash。 代码标识：hit2。,0.82,45.1,2,44100,6,Projectiles\Melee\EarthHoldout.cs:281 (hit2); Projectiles\Melee\GrandDadHoldout.cs:227 (fire2); Projectiles\Ranged\SepticSkewerHarpoon.cs:146 (pull2); 另 3 处
518,Item\FireImplosion.ogg,Item,Item,FireImplosion,物品/武器,物品/武器音效；动作：射击/发射；主题：Fire Implosion。 首处代码上下文：FireImplosion.cs。,1.22,26.0,1,48000,2,Projectiles\Magic\FireImplosion.cs:44; Projectiles\Ranged\FirestormCannonHoldout.cs:26 (WarningSound)
519,Item\FlakKrakenShoot.ogg,Item,Item,FlakKrakenShoot,物品/武器,物品/武器音效；动作：射击/发射；主题：Flak Kraken Shoot。 代码标识：bigShotGun。,1.29,23.5,2,48000,7,Projectiles\Ranged\FetidEmesisHoldout.cs:99 (bigShotGun); Projectiles\Ranged\FlakKrakenHoldout.cs:149; Projectiles\Ranged\FlakToxicannonHoldout.cs:148; 另 4 处
520,Item\FlareSound.ogg,Item,Item,FlareSound,物品/武器,物品/武器音效；动作：通用/特殊；主题：Flare Sound。 代码标识：FlareSound。,2.21,31.5,2,48000,1,Sounds\CommonCalamitySounds.cs:17 (FlareSound)
521,Item\FrigidflashCharge.ogg,Item,Item,FrigidflashCharge,物品/武器,物品/武器音效；动作：蓄力/充能/冷却；主题：Frigidflash Charge。 代码标识：ChargeSound。,1.38,46.9,2,48000,1,Items\Weapons\Magic\FrigidflashBolt.cs:17 (ChargeSound)
522,Item\FrigidflashDeath.ogg,Item,Item,FrigidflashDeath,物品/武器,物品/武器音效；动作：死亡/击杀；主题：Frigidflash Death。 代码标识：ProjDeathSound。,0.81,29.5,2,44100,1,Items\Weapons\Magic\FrigidflashBolt.cs:16 (ProjDeathSound)
523,Item\FrigidflashUse.ogg,Item,Item,FrigidflashUse,物品/武器,物品/武器音效；动作：激活/使用/UI；主题：Frigidflash Use。 代码标识：UseSound。,0.92,35.7,2,44100,1,Items\Weapons\Magic\FrigidflashBolt.cs:15 (UseSound)
524,Item\FuguBlow.ogg,Item,Item,FuguBlow,物品/武器,物品/武器音效；动作：通用/特殊；主题：Fugu Blow。 代码标识：BlowSound。,1.79,26.9,2,44100,1,Items\Weapons\Melee\BallOFugu.cs:12 (BlowSound)
525,Item\GalaxySmasherClone.ogg,Item,Item,GalaxySmasherClone,物品/武器,物品/武器音效；动作：激活/使用/UI；主题：Galaxy Smasher Clone。 代码标识：RedHamSound。,2.22,38.3,2,44100,2,Projectiles\Melee\GalaxySmasherHammer.cs:24 (RedHamSound); Projectiles\Melee\TriactisHammerProj.cs:19 (WindUpSound)
526,Item\GalaxySmasherSmash.ogg,Item,Item,GalaxySmasherSmash,物品/武器,物品/武器音效；动作：通用/特殊；主题：Galaxy Smasher Smash。 代码标识：SlamHamSound。,3.06,54.5,2,48000,2,Projectiles\Melee\GalaxySmasherEcho.cs:19 (SlamHamSound); Projectiles\Melee\TriactisHammerProj.cs:20 (SmashSound)
527,Item\GeliticBladeSwing1.ogg,Item,Item,GeliticBladeSwing1,物品/武器,物品/武器音效；动作：近战挥击/撞击；主题：Gelitic Blade Swing。 代码标识：UseSound。,0.97,18.9,2,96000,1,Items\Weapons\Melee\GeliticBlade.cs:15 (UseSound)
528,Item\GeliticBladeSwing2.ogg,Item,Item,GeliticBladeSwing2,物品/武器,物品/武器音效；动作：近战挥击/撞击；主题：Gelitic Blade Swing。 代码标识：UseSound。,0.91,21.4,2,96000,1,Items\Weapons\Melee\GeliticBlade.cs:15 (UseSound)
529,Item\GFBScreams\Scream1.ogg,Item,Item\GFBScreams,Scream1,物品/武器,物品/武器音效；动作：吼叫/语音；主题：Scream。 首处代码上下文：CalamityGlobalNPC.cs。,0.39,8.0,1,44100,2,NPCs\CalamityGlobalNPC.cs:1204; Projectiles\Melee\GrandDadHoldout.cs:219 (fire3)
530,Item\GFBScreams\Scream2.ogg,Item,Item\GFBScreams,Scream2,物品/武器,物品/武器音效；动作：吼叫/语音；主题：Scream。 首处代码上下文：CalamityGlobalNPC.cs。,0.81,30.0,2,44100,2,NPCs\CalamityGlobalNPC.cs:1204; Projectiles\Melee\GrandDadHoldout.cs:219 (fire3)
531,Item\GFBScreams\Scream3.ogg,Item,Item\GFBScreams,Scream3,物品/武器,物品/武器音效；动作：吼叫/语音；主题：Scream。 首处代码上下文：CalamityGlobalNPC.cs。,0.55,21.7,2,44100,2,NPCs\CalamityGlobalNPC.cs:1204; Projectiles\Melee\GrandDadHoldout.cs:219 (fire3)
532,Item\GFBScreams\Scream4.ogg,Item,Item\GFBScreams,Scream4,物品/武器,物品/武器音效；动作：吼叫/语音；主题：Scream。 首处代码上下文：CalamityGlobalNPC.cs。,1.55,45.4,2,44100,2,NPCs\CalamityGlobalNPC.cs:1204; Projectiles\Melee\GrandDadHoldout.cs:219 (fire3)
533,Item\GFBScreams\Scream5.ogg,Item,Item\GFBScreams,Scream5,物品/武器,物品/武器音效；动作：吼叫/语音；主题：Scream。 首处代码上下文：CalamityGlobalNPC.cs。,1.45,51.6,2,44100,2,NPCs\CalamityGlobalNPC.cs:1204; Projectiles\Melee\GrandDadHoldout.cs:219 (fire3)
534,Item\GFBScreams\Scream6.ogg,Item,Item\GFBScreams,Scream6,物品/武器,物品/武器音效；动作：吼叫/语音；主题：Scream。 首处代码上下文：CalamityGlobalNPC.cs。,1.61,51.7,2,44100,2,NPCs\CalamityGlobalNPC.cs:1204; Projectiles\Melee\GrandDadHoldout.cs:219 (fire3)
535,Item\GFBScreams\Scream7.ogg,Item,Item\GFBScreams,Scream7,物品/武器,物品/武器音效；动作：吼叫/语音；主题：Scream。 首处代码上下文：CalamityGlobalNPC.cs。,0.76,22.8,2,44100,2,NPCs\CalamityGlobalNPC.cs:1204; Projectiles\Melee\GrandDadHoldout.cs:219 (fire3)
536,Item\GFBScreams\Scream8.ogg,Item,Item\GFBScreams,Scream8,物品/武器,物品/武器音效；动作：吼叫/语音；主题：Scream。 首处代码上下文：CalamityGlobalNPC.cs。,0.61,17.8,2,44100,2,NPCs\CalamityGlobalNPC.cs:1204; Projectiles\Melee\GrandDadHoldout.cs:219 (fire3)
537,Item\GunShotBig.ogg,Item,Item,GunShotBig,物品/武器,物品/武器音效；动作：射击/发射；主题：Gun Shot Big。 代码标识：UseSound。,1.93,52.7,2,44100,1,Items\Weapons\Ranged\BarracudaGun.cs:32 (UseSound)
538,Item\GunShotHeavy.ogg,Item,Item,GunShotHeavy,物品/武器,物品/武器音效；动作：射击/发射；主题：Gun Shot Heavy。 代码标识：sound。,1.26,21.7,1,44100,2,Projectiles\DraedonsArsenal\VulcanHoldout.cs:182 (sound); Items\Weapons\Ranged\SepticSkewer.cs:65 (fire)
539,Item\GunShotMid.ogg,Item,Item,GunShotMid,物品/武器,物品/武器音效；动作：射击/发射；主题：Gun Shot Mid。 代码标识：fire。,0.42,16.5,2,44100,2,Projectiles\Ranged\KingsbaneHoldout.cs:135 (fire); Items\Weapons\Ranged\SepticSkewer.cs:58 (fire)
540,Item\GunShotSmall.ogg,Item,Item,GunShotSmall,物品/武器,物品/武器音效；动作：射击/发射；主题：Gun Shot Small。 代码标识：fire。,0.50,11.2,1,44100,5,Projectiles\Ranged\KingsbaneHoldout.cs:102 (fire); Projectiles\Typeless\Luxor.cs:169 (blam); Items\Weapons\DraedonsArsenal\ShortCircuit.cs:69 (fire); 另 2 处
541,Item\GunShotSmallAlt.ogg,Item,Item,GunShotSmallAlt,物品/武器,物品/武器音效；动作：射击/发射；主题：Gun Shot Small Alt。 代码标识：fire。,0.41,11.2,1,44100,1,Projectiles\Ranged\FetidEmesisHoldout.cs:54 (fire)
542,Item\HadalUrnClose.ogg,Item,Item,HadalUrnClose,物品/武器,物品/武器音效；动作：激活/使用/UI；主题：Hadal Urn Close。 代码标识：hitSound。,0.52,8.2,1,44100,2,CalPlayer\CalamityPlayerOnHit.cs:574 (hitSound); Projectiles\Magic\HadalUrnHoldout.cs:15 (UrnSound)
543,Item\HadalUrnOpen.ogg,Item,Item,HadalUrnOpen,物品/武器,物品/武器音效；动作：激活/使用/UI；主题：Hadal Urn Open。 代码标识：ShootSound。,0.69,9.8,1,44100,1,Items\Weapons\Magic\HadalUrn.cs:16 (ShootSound)
544,Item\HalleysInfernoHit.ogg,Item,Item,HalleysInfernoHit,物品/武器,物品/武器音效；动作：受击/命中/冲击；主题：Halleys Inferno Hit。 代码标识：Hit。,1.35,14.1,1,44100,1,Items\Weapons\Ranged\HalleysInferno.cs:21 (Hit)
545,Item\HalleysInfernoShoot.ogg,Item,Item,HalleysInfernoShoot,物品/武器,物品/武器音效；动作：射击/发射；主题：Halleys Inferno Shoot。 首处代码上下文：FlareBoltProjectile.cs。,1.08,14.9,2,44100,3,Projectiles\Magic\FlareBoltProjectile.cs:58; Projectiles\Magic\FrigidflashBoltProjectile.cs:81; Items\Weapons\Ranged\HalleysInferno.cs:20 (ShootSound)
546,Item\HarpEnd.ogg,Item,Item,HarpEnd,物品/武器,物品/武器音效；动作：循环/开始结束/预警；主题：Harp End。 代码标识：song。,3.43,35.2,2,44100,2,NPCs\Leviathan\Anahita.cs:764 (song); Items\Weapons\Magic\AnahitasArpeggio.cs:20 (EndSound)
547,Item\HarpLV1.ogg,Item,Item,HarpLV1,物品/武器,物品/武器音效；动作：通用/特殊；主题：Harp LV。 首处代码上下文：AnahitasArpeggioNote.cs。,3.44,31.5,2,44100,1,Projectiles\Magic\AnahitasArpeggioNote.cs:78
548,Item\HarpLV2.ogg,Item,Item,HarpLV2,物品/武器,物品/武器音效；动作：通用/特殊；主题：Harp LV。 首处代码上下文：AnahitasArpeggioNote.cs。,3.43,34.7,2,44100,1,Projectiles\Magic\AnahitasArpeggioNote.cs:78
549,Item\HarpLV3.ogg,Item,Item,HarpLV3,物品/武器,物品/武器音效；动作：通用/特殊；主题：Harp LV。 首处代码上下文：AnahitasArpeggioNote.cs。,3.44,34.4,2,44100,1,Projectiles\Magic\AnahitasArpeggioNote.cs:78
550,Item\HarpLV4.ogg,Item,Item,HarpLV4,物品/武器,物品/武器音效；动作：通用/特殊；主题：Harp LV。 首处代码上下文：AnahitasArpeggioNote.cs。,3.43,34.4,2,44100,1,Projectiles\Magic\AnahitasArpeggioNote.cs:78
551,Item\HarpLV5.ogg,Item,Item,HarpLV5,物品/武器,物品/武器音效；动作：通用/特殊；主题：Harp LV。 首处代码上下文：AnahitasArpeggioNote.cs。,3.43,32.9,2,44100,1,Projectiles\Magic\AnahitasArpeggioNote.cs:78
552,Item\HarpLV6.ogg,Item,Item,HarpLV6,物品/武器,物品/武器音效；动作：通用/特殊；主题：Harp LV。 首处代码上下文：AnahitasArpeggioNote.cs。,3.44,33.2,2,44100,2,Projectiles\Magic\AnahitasArpeggioNote.cs:78; Items\Weapons\Magic\AnahitasArpeggio.cs:19 (CapSound)
553,Item\HarpNoteHit.ogg,Item,Item,HarpNoteHit,物品/武器,物品/武器音效；动作：受击/命中/冲击；主题：Harp Note Hit。 代码标识：HitSound。,3.43,32.3,2,44100,1,Items\Weapons\Magic\AnahitasArpeggio.cs:21 (HitSound)
554,Item\Heartbeat.ogg,Item,Item,Heartbeat,物品/武器,物品/武器音效；动作：通用/特殊；主题：Heartbeat。 代码标识：heartbeat。,0.36,7.2,1,44100,4,CalPlayer\CalamityPlayerLifeRegen.cs:714 (heartbeat); Projectiles\Summon\OldDukeHeadCorpse.cs:53 (heartbeat); Projectiles\Summon\OldDukeHeadCorpse.cs:111 (heartbeat); 另 1 处
555,Item\HeavenlyGaleFire.ogg,Item,Item,HeavenlyGaleFire,物品/武器,物品/武器音效；动作：射击/发射；主题：Heavenly Gale Fire。 代码标识：FireSound。,2.23,40.0,2,48000,1,Items\Weapons\Ranged\HeavenlyGale.cs:34 (FireSound)
556,Item\HeavyDig.ogg,Item,Item,HeavyDig,物品/武器,物品/武器音效；动作：通用/特殊；主题：Heavy Dig。 代码标识：digSound。,0.43,11.7,2,44100,1,Projectiles\Typeless\RelicOfDeliveranceSpear.cs:305 (digSound)
557,Item\HeavySwing.ogg,Item,Item,HeavySwing,物品/武器,物品/武器音效；动作：近战挥击/撞击；主题：Heavy Swing。 代码标识：swing2。,0.71,10.4,1,44100,6,Projectiles\Melee\DevilsDevastationHoldout.cs:321 (swing2); Projectiles\Melee\ExaltedOathbladeHoldout.cs:193 (swing2); Projectiles\Melee\ForbiddenOathbladeHoldout.cs:248 (swing2); 另 3 处
558,Item\HeliumFlashCharge.ogg,Item,Item,HeliumFlashCharge,物品/武器,物品/武器音效；动作：蓄力/充能/冷却；主题：Helium Flash Charge。 代码标识：Charge。,2.13,37.9,2,44100,1,Items\Weapons\Magic\HeliumFlash.cs:18 (Charge)
559,Item\HeliumFlashCoreImpact.ogg,Item,Item,HeliumFlashCoreImpact,物品/武器,物品/武器音效；动作：受击/命中/冲击；主题：Helium Flash Core Impact。 代码标识：fire。,0.73,13.7,2,44100,5,Projectiles\Magic\VolatileStarcore.cs:123 (fire); Projectiles\Melee\HolyColliderHolyFire.cs:67 (sound5); Projectiles\Ranged\SepticSkewerHarpoon.cs:377 (sound5); 另 2 处
560,Item\HeliumFlashDudFire.ogg,Item,Item,HeliumFlashDudFire,物品/武器,物品/武器音效；动作：射击/发射；主题：Helium Flash Dud Fire。 代码标识：fire。,0.63,22.1,2,44100,1,Projectiles\Magic\HeliumFlashHoldout.cs:108 (fire)
561,Item\HeliumFlashExplodeNoMetal.ogg,Item,Item,HeliumFlashExplodeNoMetal,物品/武器,物品/武器音效；动作：爆炸/爆裂；主题：Helium Flash Explode No Metal。 首处代码上下文：HeliumFlashBlast.cs。,2.07,35.0,2,44100,1,Projectiles\Magic\HeliumFlashBlast.cs:82
562,Item\HeliumFlashFire.ogg,Item,Item,HeliumFlashFire,物品/武器,物品/武器音效；动作：射击/发射；主题：Helium Flash Fire。 代码标识：ChargeFire。,1.39,27.2,2,44100,1,Items\Weapons\Magic\HeliumFlash.cs:21 (ChargeFire)
563,Item\HeliumFlashFullChargeLoop.ogg,Item,Item,HeliumFlashFullChargeLoop,物品/武器,物品/武器音效；动作：蓄力/充能/冷却；主题：Helium Flash Full Charge Loop。 代码标识：ChargeLoop。,6.85,161.7,2,44100,1,Items\Weapons\Magic\HeliumFlash.cs:19 (ChargeLoop)
564,Item\HeliumFlashReady.ogg,Item,Item,HeliumFlashReady,物品/武器,物品/武器音效；动作：通用/特殊；主题：Helium Flash Ready。 代码标识：fire。,1.12,38.1,2,44100,2,Projectiles\Magic\HeliumFlashHoldout.cs:157 (fire); Projectiles\Melee\Yoyos\BurningRevelationYoyo.cs:209 (explode2)
565,Item\HeliumFlashSteamRelease.ogg,Item,Item,HeliumFlashSteamRelease,物品/武器,物品/武器音效；动作：通用/特殊；主题：Helium Flash Steam Release。 代码标识：fire。,1.42,27.5,2,44100,3,Projectiles\Magic\HeliumFlashHoldout.cs:177 (fire); Projectiles\Ranged\FirestormCannonHoldout.cs:27 (OverheatSound); Projectiles\Ranged\TauCannonHoldout.cs:242 (steam)
566,Item\HellbornImpact.ogg,Item,Item,HellbornImpact,物品/武器,物品/武器音效；动作：受击/命中/冲击；主题：Hellborn Impact。 代码标识：FullChargeSound。,1.01,25.9,2,44100,3,Projectiles\Melee\DevilsSunriseProj.cs:19 (FullChargeSound); Projectiles\Ranged\HellbornProj.cs:131 (bigShot); Projectiles\Rogue\MeteorFistMeteorite.cs:56
567,Item\HellbornReload.ogg,Item,Item,HellbornReload,物品/武器,物品/武器音效；动作：蓄力/充能/冷却；主题：Hellborn Reload。 代码标识：fire。,0.57,19.5,2,44100,1,Projectiles\Ranged\HellbornHoldout.cs:198 (fire)
568,Item\HellbornShoot.ogg,Item,Item,HellbornShoot,物品/武器,物品/武器音效；动作：射击/发射；主题：Hellborn Shoot。 代码标识：bigShot。,0.86,25.0,2,44100,1,Projectiles\Ranged\HellbornHoldout.cs:142 (bigShot)
569,Item\HellkiteBigHit1.ogg,Item,Item,HellkiteBigHit1,物品/武器,物品/武器音效；动作：受击/命中/冲击；主题：Hellkite Big Hit。 代码标识：swing2。,2.10,48.2,2,44100,2,Projectiles\Melee\DevilsDevastationHoldout.cs:460 (swing2); Items\Weapons\Melee\Hellkite.cs:20 (HitSoundBig)
570,Item\HellkiteBigHit2.ogg,Item,Item,HellkiteBigHit2,物品/武器,物品/武器音效；动作：受击/命中/冲击；主题：Hellkite Big Hit。 代码标识：HitSoundBig。,2.10,46.9,2,44100,1,Items\Weapons\Melee\Hellkite.cs:20 (HitSoundBig)
571,Item\HellkiteCharge.ogg,Item,Item,HellkiteCharge,物品/武器,物品/武器音效；动作：蓄力/充能/冷却；主题：Hellkite Charge。 代码标识：ChargeSound。,6.41,191.1,2,44100,1,Items\Weapons\Melee\Hellkite.cs:21 (ChargeSound)
572,Item\HellkiteFullCharge.ogg,Item,Item,HellkiteFullCharge,物品/武器,物品/武器音效；动作：蓄力/充能/冷却；主题：Hellkite Full Charge。 首处代码上下文：StarfleetHoldout.cs。,2.41,59.1,2,44100,4,Projectiles\Ranged\StarfleetHoldout.cs:175; Projectiles\Ranged\StarmadaHoldout.cs:230; Projectiles\Rogue\MoltenAmputatorProj.cs:291 (slice); 另 1 处
573,Item\HellkiteHeavySwing.ogg,Item,Item,HellkiteHeavySwing,物品/武器,物品/武器音效；动作：近战挥击/撞击；主题：Hellkite Heavy Swing。 代码标识：SwingSoundBig。,1.93,51.6,2,44100,1,Items\Weapons\Melee\Hellkite.cs:18 (SwingSoundBig)
574,Item\HellkiteSmallHit1.ogg,Item,Item,HellkiteSmallHit1,物品/武器,物品/武器音效；动作：受击/命中/冲击；主题：Hellkite Small Hit。 代码标识：stuck。,0.64,20.5,2,44100,3,Projectiles\Melee\DevilsDevastationThrownBlade.cs:318 (stuck); Projectiles\Melee\NeptunesBountyProjectile.cs:273 (HitSound2); Items\Weapons\Melee\Hellkite.cs:19 (HitSoundSmall)
575,Item\HellkiteSmallHit2.ogg,Item,Item,HellkiteSmallHit2,物品/武器,物品/武器音效；动作：受击/命中/冲击；主题：Hellkite Small Hit。 代码标识：stuck。,0.56,17.0,2,44100,3,Projectiles\Melee\DevilsDevastationThrownBlade.cs:318 (stuck); Projectiles\Melee\NeptunesBountyProjectile.cs:273 (HitSound2); Items\Weapons\Melee\Hellkite.cs:19 (HitSoundSmall)
576,Item\HellkiteSmallHit3.ogg,Item,Item,HellkiteSmallHit3,物品/武器,物品/武器音效；动作：受击/命中/冲击；主题：Hellkite Small Hit。 代码标识：stuck。,0.61,16.8,2,44100,3,Projectiles\Melee\DevilsDevastationThrownBlade.cs:318 (stuck); Projectiles\Melee\NeptunesBountyProjectile.cs:273 (HitSound2); Items\Weapons\Melee\Hellkite.cs:19 (HitSoundSmall)
577,Item\HellkiteSwing1.ogg,Item,Item,HellkiteSwing1,物品/武器,物品/武器音效；动作：近战挥击/撞击；主题：Hellkite Swing。 代码标识：swing2。,1.04,23.8,2,44100,2,Projectiles\Melee\EarthHoldout.cs:181 (swing2); Items\Weapons\Melee\Hellkite.cs:17 (SwingSound)
578,Item\HellkiteSwing2.ogg,Item,Item,HellkiteSwing2,物品/武器,物品/武器音效；动作：近战挥击/撞击；主题：Hellkite Swing。 代码标识：swing2。,1.06,23.9,2,44100,2,Projectiles\Melee\EarthHoldout.cs:181 (swing2); Items\Weapons\Melee\Hellkite.cs:17 (SwingSound)
579,Item\HolyBurst.ogg,Item,Item,HolyBurst,物品/武器,物品/武器音效；动作：爆炸/爆裂；主题：Holy Burst。 代码标识：soundBurst。,0.87,21.9,2,48000,2,Projectiles\Rogue\ExorcismProj.cs:365 (soundBurst); Projectiles\Rogue\ExorcismProj.cs:400 (soundBurst)
580,Item\HolyColliderBigHit.ogg,Item,Item,HolyColliderBigHit,物品/武器,物品/武器音效；动作：受击/命中/冲击；主题：Holy Collider Big Hit。 代码标识：hitSound。,1.89,53.7,2,44100,2,Projectiles\Melee\HolyColliderHoldout.cs:421 (hitSound); Projectiles\Typeless\RelicOfDeliveranceSpear.cs:484 (sound)
581,Item\HolyColliderProjectileHit.ogg,Item,Item,HolyColliderProjectileHit,物品/武器,物品/武器音效；动作：受击/命中/冲击；主题：Holy Collider Projectile Hit。 代码标识：sound。,1.89,48.7,2,44100,3,Projectiles\Melee\HolyColliderHolyFire.cs:162 (sound); Projectiles\Rogue\ExorcismProj.cs:368 (soundExplosion); Projectiles\Typeless\PauldronDash.cs:117 (sound)
582,Item\HolyColliderSmallHit.ogg,Item,Item,HolyColliderSmallHit,物品/武器,物品/武器音效；动作：受击/命中/冲击；主题：Holy Collider Small Hit。 代码标识：hitSound。,1.48,38.4,2,44100,2,Projectiles\Melee\HolyColliderHoldout.cs:406 (hitSound); Projectiles\Typeless\RelicOfDeliveranceSpear.cs:238 (sound)
583,Item\HolyFireBulletExplosion.ogg,Item,Item,HolyFireBulletExplosion,物品/武器,物品/武器音效；动作：射击/发射；主题：Holy Fire Bullet Explosion。 代码标识：Explosion。,0.37,14.1,2,48000,1,Items\Ammo\HolyFireBullet.cs:13 (Explosion)
584,Item\HolyLoop.ogg,Item,Item,HolyLoop,物品/武器,物品/武器音效；动作：循环/开始结束/预警；主题：Holy Loop。 代码标识：choir。,1.87,51.1,2,48000,1,Projectiles\Rogue\ExorcismProj.cs:299 (choir)
585,Item\Hydra.ogg,Item,Item,Hydra,物品/武器,物品/武器音效；动作：通用/特殊；主题：Hydra。 代码标识：FireSound。,1.70,20.3,2,44100,1,Items\Weapons\Ranged\Hydra.cs:103 (FireSound)
586,Item\HyperiusOverflow.ogg,Item,Item,HyperiusOverflow,物品/武器,物品/武器音效；动作：通用/特殊；主题：Hyperius Overflow。 代码标识：hit。,0.65,13.7,1,44100,1,Items\Ammo\HyperiusBullet.cs:13 (hit)
587,Item\IceBarrageCast.ogg,Item,Item,IceBarrageCast,物品/武器,物品/武器音效；动作：通用/特殊；主题：Ice Barrage Cast。 代码标识：CastSound。,5.48,64.6,2,48000,1,Items\Weapons\Magic\IceBarrage.cs:18 (CastSound)
588,Item\IchorSpearThrow.ogg,Item,Item,IchorSpearThrow,物品/武器,物品/武器音效；动作：射击/发射；主题：Ichor Spear Throw。 代码标识：ThrowSound。,0.78,9.8,1,48000,1,Items\Weapons\Rogue\IchorSpear.cs:13 (ThrowSound)
589,Item\ImmolatorCharge.ogg,Item,Item,ImmolatorCharge,物品/武器,物品/武器音效；动作：蓄力/充能/冷却；主题：Immolator Charge。 代码标识：sound。,0.42,24.3,2,44100,1,Projectiles\DraedonsArsenal\HolofibreImmolatorHoldout.cs:53 (sound)
590,Item\ImmolatorChargeLoop.ogg,Item,Item,ImmolatorChargeLoop,物品/武器,物品/武器音效；动作：蓄力/充能/冷却；主题：Immolator Charge Loop。 代码标识：sound。,0.69,13.6,1,44100,1,Projectiles\DraedonsArsenal\HolofibreImmolatorHoldout.cs:150 (sound)
591,Item\ImmolatorFire.ogg,Item,Item,ImmolatorFire,物品/武器,物品/武器音效；动作：射击/发射；主题：Immolator Fire。 代码标识：sound。,0.54,15.3,2,44100,2,Projectiles\DraedonsArsenal\HolofibreImmolatorHoldout.cs:79 (sound); Projectiles\DraedonsArsenal\HolofibreImmolatorHoldout.cs:102 (sound)
592,Item\ImmolatorPreExplode.ogg,Item,Item,ImmolatorPreExplode,物品/武器,物品/武器音效；动作：爆炸/爆裂；主题：Immolator Pre Explode。 代码标识：sound2。,0.79,21.2,2,44100,2,Projectiles\DraedonsArsenal\ImmolationArrow.cs:162 (sound2); Projectiles\DraedonsArsenal\ImmolationArrow.cs:197 (sound)
593,Item\ImpalerLaunch.ogg,Item,Item,ImpalerLaunch,物品/武器,物品/武器音效；动作：射击/发射；主题：Impaler Launch。 代码标识：fire。,0.71,45.3,2,44100,3,Projectiles\Magic\ApoctosisArrayHoldout.cs:228 (fire); Projectiles\Magic\IonBlasterHoldout.cs:229 (fire); Projectiles\Melee\InsidiousHarpoon.cs:77 (fire)
594,Item\Inkling1.ogg,Item,Item,Inkling1,物品/武器,物品/武器音效；动作：通用/特殊；主题：Inkling。 代码标识：GFB。,1.10,17.1,2,32000,1,Items\Weapons\Summon\CalamarisLament.cs:16 (GFB)
595,Item\Inkling2.ogg,Item,Item,Inkling2,物品/武器,物品/武器音效；动作：通用/特殊；主题：Inkling。 代码标识：GFB。,0.26,7.5,2,32000,1,Items\Weapons\Summon\CalamarisLament.cs:16 (GFB)
596,Item\Inkling3.ogg,Item,Item,Inkling3,物品/武器,物品/武器音效；动作：通用/特殊；主题：Inkling。 代码标识：GFB。,1.28,18.4,2,32000,1,Items\Weapons\Summon\CalamarisLament.cs:16 (GFB)
597,Item\Inkling4.ogg,Item,Item,Inkling4,物品/武器,物品/武器音效；动作：通用/特殊；主题：Inkling。 代码标识：GFB。,1.46,21.6,2,32000,1,Items\Weapons\Summon\CalamarisLament.cs:16 (GFB)
598,Item\Inkling5.ogg,Item,Item,Inkling5,物品/武器,物品/武器音效；动作：通用/特殊；主题：Inkling。 代码标识：GFB。,0.70,12.5,2,32000,1,Items\Weapons\Summon\CalamarisLament.cs:16 (GFB)
599,Item\IonChargeLoop.ogg,Item,Item,IonChargeLoop,物品/武器,物品/武器音效；动作：蓄力/充能/冷却；主题：Ion Charge Loop。 代码标识：charge。,2.20,37.3,1,48000,2,Projectiles\Magic\ApoctosisArrayHoldout.cs:113 (charge); Projectiles\Magic\IonBlasterHoldout.cs:113 (charge)
600,Item\KendraBark.ogg,Item,Item,KendraBark,物品/武器,物品/武器音效；动作：循环/开始结束/预警；主题：Kendra Bark。 代码标识：BarkSound。,0.27,5.7,1,44100,1,Projectiles\Pets\KendraPet.cs:15 (BarkSound)
601,Item\LanceofDestiny.ogg,Item,Item,LanceofDestiny,物品/武器,物品/武器音效；动作：通用/特殊；主题：Lanceof Destiny。 代码标识：ThrowSound2。,1.28,13.4,1,48000,1,Items\Weapons\Rogue\SpearofDestiny.cs:14 (ThrowSound2)
602,Item\LanceofDestinyStrong.ogg,Item,Item,LanceofDestinyStrong,物品/武器,物品/武器音效；动作：激活/使用/UI；主题：Lanceof Destiny Strong。 代码标识：fire。,1.74,17.0,1,48000,5,Projectiles\Magic\GenesisHoldout.cs:96 (fire); Projectiles\Magic\IonBlasterHoldout.cs:232 (fire2); Projectiles\Melee\DevilsDevastationHoldout.cs:124 (dieSound); 另 2 处
603,Item\LargeWeaponFire.ogg,Item,Item,LargeWeaponFire,物品/武器,物品/武器音效；动作：射击/发射；主题：Large Weapon Fire。 代码标识：LargeWeaponFireSound。,2.32,33.7,2,44100,1,Sounds\CommonCalamitySounds.cs:19 (LargeWeaponFireSound)
604,Item\LaserBurn.ogg,Item,Item,LaserBurn,物品/武器,物品/武器音效；动作：激光/光束；主题：Laser Burn。 首处代码上下文：CalamityGlobalNPC.cs。,0.42,10.5,1,44100,1,NPCs\CalamityGlobalNPC.cs:3277
605,Item\LaserCannon.ogg,Item,Item,LaserCannon,物品/武器,物品/武器音效；动作：激光/光束；主题：Laser Cannon。 代码标识：LaserCannonSound。,1.25,19.7,2,44100,1,Sounds\CommonCalamitySounds.cs:20 (LaserCannonSound)
606,Item\LauncherHeavyShot.ogg,Item,Item,LauncherHeavyShot,物品/武器,物品/武器音效；动作：射击/发射；主题：Launcher Heavy Shot。 代码标识：sound2。,2.11,45.6,2,44100,3,Projectiles\DraedonsArsenal\PhalanxSurgeHoldout.cs:241 (sound2); Projectiles\Ranged\BlissfulBombardierHoldout.cs:181 (fire); Projectiles\Typeless\RelicOfDeliveranceSpear.cs:242 (sound2)
607,Item\LeviathanHornSound.ogg,Item,Item,LeviathanHornSound,物品/武器,物品/武器音效；动作：通用/特殊；主题：Leviathan Horn Sound。 代码标识：HornSound。,2.92,30.2,2,48000,1,Items\SummonItems\NaiadsWarhorn.cs:18 (HornSound)
608,Item\LightCatch.ogg,Item,Item,LightCatch,物品/武器,物品/武器音效；动作：通用/特殊；主题：Light Catch。 代码标识：grab。,0.20,9.0,2,44100,1,Projectiles\DraedonsArsenal\PulseGrenadeOrb.cs:89 (grab)
609,Item\LightMetal.ogg,Item,Item,LightMetal,物品/武器,物品/武器音效；动作：通用/特殊；主题：Light Metal。 代码标识：pin。,0.57,19.4,2,44100,2,Projectiles\DraedonsArsenal\PulseGrenadeProjectile.cs:180 (pin); Projectiles\Ranged\StarmadaHoldout.cs:220 (oops2)
610,Item\LightningAura.ogg,Item,Item,LightningAura,物品/武器,物品/武器音效；动作：通用/特殊；主题：Lightning Aura。 首处代码上下文：AquasScepterCloud.cs。,3.34,172.0,2,44100,1,Projectiles\Summon\AquasScepterCloud.cs:81
611,Item\LightThrow.ogg,Item,Item,LightThrow,物品/武器,物品/武器音效；动作：射击/发射；主题：Light Throw。 代码标识：toss。,0.30,10.9,2,44100,1,Projectiles\DraedonsArsenal\PulseGrenadeProjectile.cs:157 (toss)
612,Item\LiliesOfFinalitySummonSpawn.ogg,Item,Item,LiliesOfFinalitySummonSpawn,物品/武器,物品/武器音效；动作：激活/使用/UI；主题：Lilies Of Finality Summon Spawn。 代码标识：UseSound。,1.99,21.0,1,48000,1,Items\Weapons\Summon\LiliesOfFinality.cs:56 (UseSound)
613,Item\LouderPhantomPhoenix1.ogg,Item,Item,LouderPhantomPhoenix1,物品/武器,物品/武器音效；动作：通用/特殊；主题：Louder Phantom Phoenix。 代码标识：LouderPhantomPhoenix。,2.23,28.7,2,48000,1,Sounds\CommonCalamitySounds.cs:22 (LouderPhantomPhoenix)
614,Item\LouderPhantomPhoenix2.ogg,Item,Item,LouderPhantomPhoenix2,物品/武器,物品/武器音效；动作：通用/特殊；主题：Louder Phantom Phoenix。 代码标识：LouderPhantomPhoenix。,2.14,32.0,2,48000,5,Sounds\CommonCalamitySounds.cs:22 (LouderPhantomPhoenix); Tiles\Furniture\BlueCandle.cs:16 (ActivationSound); Tiles\Furniture\PinkCandle.cs:16 (ActivationSound); 另 2 处
615,Item\LouderPhantomPhoenix3.ogg,Item,Item,LouderPhantomPhoenix3,物品/武器,物品/武器音效；动作：通用/特殊；主题：Louder Phantom Phoenix。 代码标识：LouderPhantomPhoenix。,2.03,25.0,2,48000,1,Sounds\CommonCalamitySounds.cs:22 (LouderPhantomPhoenix)
616,Item\LowHum.ogg,Item,Item,LowHum,物品/武器,物品/武器音效；动作：通用/特殊；主题：Low Hum。 代码标识：charge。,3.67,39.9,2,44100,2,Projectiles\DraedonsArsenal\ShortCircuitHook.cs:231 (charge); Projectiles\Ranged\TheHiveHoldout.cs:235 (charge)
617,Item\LucreciaBoltFire.ogg,Item,Item,LucreciaBoltFire,物品/武器,物品/武器音效；动作：射击/发射；主题：Lucrecia Bolt Fire。 代码标识：projectile。,1.37,16.0,2,48000,1,Projectiles\Melee\LucreciaHoldout.cs:252 (projectile)
618,Item\LunicImpact.ogg,Item,Item,LunicImpact,物品/武器,物品/武器音效；动作：受击/命中/冲击；主题：Lunic Impact。 代码标识：ImpactSound。,0.94,12.7,2,44100,1,Items\Weapons\Typeless\LunicEye.cs:16 (ImpactSound)
619,Item\LunicShot1.ogg,Item,Item,LunicShot1,物品/武器,物品/武器音效；动作：射击/发射；主题：Lunic Shot。 代码标识：UseSound。,1.34,27.4,2,44100,1,Items\Weapons\Typeless\LunicEye.cs:15 (UseSound)
620,Item\LunicShot2.ogg,Item,Item,LunicShot2,物品/武器,物品/武器音效；动作：射击/发射；主题：Lunic Shot。 代码标识：UseSound。,1.22,19.9,2,44100,1,Items\Weapons\Typeless\LunicEye.cs:15 (UseSound)
621,Item\M1GarandPing.ogg,Item,Item,M1GarandPing,物品/武器,物品/武器音效；动作：通用/特殊；主题：M1 Garand Ping。 代码标识：PingSound。,0.72,13.9,2,44100,1,Projectiles\Ranged\M1GarandHoldout.cs:47 (PingSound)
622,Item\M1GarandReload.ogg,Item,Item,M1GarandReload,物品/武器,物品/武器音效；动作：蓄力/充能/冷却；主题：M1 Garand Reload。 代码标识：ReloadSound。,1.77,20.1,2,48000,1,Projectiles\Ranged\M1GarandHoldout.cs:48 (ReloadSound)
623,Item\MagicRockImpact.ogg,Item,Item,MagicRockImpact,物品/武器,物品/武器音效；动作：受击/命中/冲击；主题：Magic Rock Impact。 代码标识：explo。,1.50,21.0,1,44100,5,Projectiles\Magic\PrimordialAncientProjectile.cs:154 (explo); Projectiles\Magic\PrimordialEarthProjectile.cs:180 (explo); Projectiles\Melee\TrueBiomeBlade_EarthenTides.cs:35 (GroundImpact); 另 2 处
624,Item\MagicRockSound.ogg,Item,Item,MagicRockSound,物品/武器,物品/武器音效；动作：通用/特殊；主题：Magic Rock Sound。 首处代码上下文：UnstableCastersGauntletHoldout.cs。,0.76,12.0,1,44100,10,Projectiles\Magic\UnstableCastersGauntletHoldout.cs:174; Projectiles\Melee\CometQuasherHoldout.cs:204 (fire2); Projectiles\Melee\MendedBiomeBlade_TruePureClarity.cs:32 (FullChargeSound); 另 7 处
625,Item\MagnaCannonChargeFull.ogg,Item,Item,MagnaCannonChargeFull,物品/武器,物品/武器音效；动作：蓄力/充能/冷却；主题：Magna Cannon Charge Full。 代码标识：ChargeFull。,0.69,10.3,1,48000,1,Items\Weapons\Ranged\MagnaCannon.cs:13 (ChargeFull)
626,Item\MagnaCannonChargeLoop.ogg,Item,Item,MagnaCannonChargeLoop,物品/武器,物品/武器音效；动作：蓄力/充能/冷却；主题：Magna Cannon Charge Loop。 首处代码上下文：OntologicalDespoilerHoldout.cs。,2.55,27.8,1,48000,2,Projectiles\Ranged\OntologicalDespoilerHoldout.cs:343; Items\Weapons\Ranged\MagnaCannon.cs:15 (ChargeLoop)
627,Item\MagnaCannonChargeStart.ogg,Item,Item,MagnaCannonChargeStart,物品/武器,物品/武器音效；动作：蓄力/充能/冷却；主题：Magna Cannon Charge Start。 代码标识：ChargeStart。,2.14,23.0,1,48000,1,Items\Weapons\Ranged\MagnaCannon.cs:17 (ChargeStart)
628,Item\MagnaCannonShot.ogg,Item,Item,MagnaCannonShot,物品/武器,物品/武器音效；动作：射击/发射；主题：Magna Cannon Shot。 代码标识：fire。,1.46,17.0,1,48000,6,Projectiles\Magic\AetherfluxCannonHoldout.cs:82 (fire); Projectiles\Magic\GenesisHoldout.cs:112 (fire); Projectiles\Magic\OmicronWingman.cs:177 (fire); 另 3 处
629,Item\MagnusImpact.ogg,Item,Item,MagnusImpact,物品/武器,物品/武器音效；动作：受击/命中/冲击；主题：Magnus Impact。 代码标识：StealthBoom。,0.63,14.2,2,44100,2,Items\Weapons\Rogue\Equanimity.cs:13 (StealthBoom); Items\Weapons\Typeless\EyeofMagnus.cs:13 (ImpactSound)
630,Item\MantisSwipe1.ogg,Item,Item,MantisSwipe1,物品/武器,物品/武器音效；动作：通用/特殊；主题：Mantis Swipe。 代码标识：HitSound。,0.48,16.6,2,44100,3,Projectiles\Melee\DevilsSunriseCyclone.cs:16 (HitSound); Projectiles\Melee\DevilsSunriseProj.cs:18 (HitSound); Projectiles\Melee\MantisClawHoldout.cs:129 (SlashStyle)
631,Item\MantisSwipe2.ogg,Item,Item,MantisSwipe2,物品/武器,物品/武器音效；动作：通用/特殊；主题：Mantis Swipe。 代码标识：HitSound。,0.48,17.2,2,44100,3,Projectiles\Melee\DevilsSunriseCyclone.cs:16 (HitSound); Projectiles\Melee\DevilsSunriseProj.cs:18 (HitSound); Projectiles\Melee\MantisClawHoldout.cs:129 (SlashStyle)
632,Item\MarniteLiftHumm.ogg,Item,Item,MarniteLiftHumm,物品/武器,物品/武器音效；动作：通用/特殊；主题：Marnite Lift Humm。 代码标识：LiftHummSound。,12.03,197.3,2,44100,1,Items\Armor\MarniteArchitect\MarniteArchitectSet.cs:26 (LiftHummSound)
633,Item\MarniteLiftSummon.ogg,Item,Item,MarniteLiftSummon,物品/武器,物品/武器音效；动作：激活/使用/UI；主题：Marnite Lift Summon。 代码标识：LiftSpawnSound。,1.49,29.7,2,48000,1,Items\Armor\MarniteArchitect\MarniteArchitectSet.cs:24 (LiftSpawnSound)
634,Item\MarniteLiftUnsummon.ogg,Item,Item,MarniteLiftUnsummon,物品/武器,物品/武器音效；动作：激活/使用/UI；主题：Marnite Lift Unsummon。 代码标识：LiftGoAwaySound。,1.49,26.9,2,48000,1,Items\Armor\MarniteArchitect\MarniteArchitectSet.cs:25 (LiftGoAwaySound)
635,Item\MarniteObliteratorUse.ogg,Item,Item,MarniteObliteratorUse,物品/武器,物品/武器音效；动作：激活/使用/UI；主题：Marnite Obliterator Use。 代码标识：UseSound。,1.91,39.5,2,44100,1,Items\Tools\MarniteObliterator.cs:13 (UseSound)
636,Item\MechGaussRifle.ogg,Item,Item,MechGaussRifle,物品/武器,物品/武器音效；动作：通用/特殊；主题：Mech Gauss Rifle。 首处代码上下文：ApotheosisWorm.cs。,1.66,22.9,2,44100,5,Projectiles\Magic\ApotheosisWorm.cs:204; Projectiles\Summon\GiantIbanRobotOfDoom.cs:332; Projectiles\Summon\GiantIbanRobotOfDoom.cs:355; 另 2 处
637,Item\MeldBurn.ogg,Item,Item,MeldBurn,物品/武器,物品/武器音效；动作：通用/特殊；主题：Meld Burn。 代码标识：sound。,0.65,21.9,2,44100,2,Projectiles\Melee\EntropicFlechette.cs:116 (sound); Items\Weapons\Magic\Apathanull.cs:32 (UseSound)
638,Item\MeldExplosion.ogg,Item,Item,MeldExplosion,物品/武器,物品/武器音效；动作：爆炸/爆裂；主题：Meld Explosion。 代码标识：fire2。,2.22,33.1,1,44100,3,Projectiles\Ranged\OntologicalDespoilerBeam.cs:125 (fire2); Projectiles\Rogue\AntumbraShardProjectile.cs:192 (sound); Projectiles\Rogue\DestructionStar.cs:171 (explo)
639,Item\MeldShoot.ogg,Item,Item,MeldShoot,物品/武器,物品/武器音效；动作：射击/发射；主题：Meld Shoot。 代码标识：sound。,0.97,39.6,2,44100,4,Projectiles\DraedonsArsenal\PhalanxSurgeLance.cs:115 (sound); Projectiles\Magic\CosmicTentacle.cs:175 (fire); Projectiles\Magic\PhasedGodRay.cs:144 (hitSound); 另 1 处
640,Item\MeldSlice.ogg,Item,Item,MeldSlice,物品/武器,物品/武器音效；动作：近战挥击/撞击；主题：Meld Slice。 代码标识：sound。,0.66,15.4,1,44100,3,Projectiles\Rogue\AntumbraShardProjectile.cs:296 (sound); Projectiles\Rogue\DoomsdayDeviceProjectile.cs:176 (w); Projectiles\Rogue\DoomsdayDeviceProjectile.cs:190 (w)
641,Item\MetalEcho.ogg,Item,Item,MetalEcho,物品/武器,物品/武器音效；动作：通用/特殊；主题：Metal Echo。 代码标识：sound8。,2.89,22.8,1,44100,1,Projectiles\Ranged\SepticSkewerHarpoon.cs:381 (sound8)
642,Item\MineralMortarExplode.ogg,Item,Item,MineralMortarExplode,物品/武器,物品/武器音效；动作：爆炸/爆裂；主题：Mineral Mortar Explode。 代码标识：explo。,2.32,50.5,2,44100,5,Projectiles\Magic\PrimordialAncientProjectile.cs:245 (explo); Projectiles\Ranged\LeviatitanMeteor.cs:64 (explo); Projectiles\Ranged\MineralMortarProjectile.cs:161; 另 2 处
643,Item\MiracleFruitConsume.ogg,Item,Item,MiracleFruitConsume,物品/武器,物品/武器音效；动作：激活/使用/UI；主题：Miracle Fruit Consume。 代码标识：UseSound。,1.95,38.8,2,44100,1,Items\PermanentBoosters\MiracleFruit.cs:20 (UseSound)
644,Item\MissileNearing.ogg,Item,Item,MissileNearing,物品/武器,物品/武器音效；动作：通用/特殊；主题：Missile Nearing。 代码标识：sound。,0.60,12.3,1,44100,2,Projectiles\Ranged\NukeOfBliss.cs:89 (sound); Projectiles\Rogue\ExorcismProj.cs:102 (sound)
645,Item\MittFail.ogg,Item,Item,MittFail,物品/武器,物品/武器音效；动作：通用/特殊；主题：Mitt Fail。 代码标识：aud。,0.60,12.7,1,48000,1,Projectiles\DraedonsArsenal\CountermeasureMittHoldout.cs:472 (aud)
646,Item\MittHit.ogg,Item,Item,MittHit,物品/武器,物品/武器音效；动作：受击/命中/冲击；主题：Mitt Hit。 代码标识：aud。,1.02,19.4,1,48000,1,Projectiles\DraedonsArsenal\CountermeasureMittHoldout.cs:451 (aud)
647,Item\MittReadyPalm.ogg,Item,Item,MittReadyPalm,物品/武器,物品/武器音效；动作：通用/特殊；主题：Mitt Ready Palm。 代码标识：aud。,0.63,14.7,1,48000,1,Projectiles\DraedonsArsenal\CountermeasureMittHoldout.cs:330 (aud)
648,Item\MittThrust.ogg,Item,Item,MittThrust,物品/武器,物品/武器音效；动作：近战挥击/撞击；主题：Mitt Thrust。 代码标识：aud。,0.65,9.1,1,48000,1,Projectiles\DraedonsArsenal\CountermeasureMittHoldout.cs:335 (aud)
649,Item\MittWelding\Weld1.ogg,Item,Item\MittWelding,Weld1,物品/武器,物品/武器音效；动作：通用/特殊；主题：Weld。 代码标识：beam。,1.71,27.4,1,48000,1,Projectiles\DraedonsArsenal\CountermeasureMittHoldout.cs:226 (beam)
650,Item\MittWelding\Weld2.ogg,Item,Item\MittWelding,Weld2,物品/武器,物品/武器音效；动作：通用/特殊；主题：Weld。 代码标识：beam。,1.71,27.4,1,48000,1,Projectiles\DraedonsArsenal\CountermeasureMittHoldout.cs:237 (beam)
651,Item\MittWelding\Weld3.ogg,Item,Item\MittWelding,Weld3,物品/武器,物品/武器音效；动作：通用/特殊；主题：Weld。 代码标识：beam。,1.71,27.4,1,48000,1,Projectiles\DraedonsArsenal\CountermeasureMittHoldout.cs:248 (beam)
652,Item\MittWelding\Weld4.ogg,Item,Item\MittWelding,Weld4,物品/武器,物品/武器音效；动作：通用/特殊；主题：Weld。 代码标识：beam。,1.71,27.4,1,48000,1,Projectiles\DraedonsArsenal\CountermeasureMittHoldout.cs:259 (beam)
653,Item\MittWelding\Weld5.ogg,Item,Item\MittWelding,Weld5,物品/武器,物品/武器音效；动作：通用/特殊；主题：Weld。 代码标识：beam。,1.71,27.4,1,48000,1,Projectiles\DraedonsArsenal\CountermeasureMittHoldout.cs:270 (beam)
654,Item\MoltenAmputatorRecall.ogg,Item,Item,MoltenAmputatorRecall,物品/武器,物品/武器音效；动作：移动/生成/阶段转换；主题：Molten Amputator Recall。 未找到直接字符串引用，可能由资源约定、动态路径或遗留资源使用。,0.77,14.6,1,44100,0,
655,Item\MurasamaBigSwing.ogg,Item,Item,MurasamaBigSwing,物品/武器,物品/武器音效；动作：近战挥击/撞击；主题：Murasama Big Swing。 代码标识：slash。,0.40,9.4,2,48000,4,NPCs\SupremeCalamitas\SupremeCatastrophe.cs:304 (slash); NPCs\SupremeCalamitas\SupremeCatastrophe.cs:397 (slash); NPCs\SupremeCalamitas\SupremeCatastrophe.cs:458 (slash); 另 1 处
656,Item\MurasamaHitInorganic.ogg,Item,Item,MurasamaHitInorganic,物品/武器,物品/武器音效；动作：受击/命中/冲击；主题：Murasama Hit Inorganic。 代码标识：InorganicHit。,1.17,19.4,2,48000,1,Items\Weapons\Melee\Murasama.cs:21 (InorganicHit)
657,Item\MurasamaHitOrganic.ogg,Item,Item,MurasamaHitOrganic,物品/武器,物品/武器音效；动作：受击/命中/冲击；主题：Murasama Hit Organic。 代码标识：OrganicHit。,1.00,18.0,2,48000,1,Items\Weapons\Melee\Murasama.cs:20 (OrganicHit)
658,Item\MurasamaSwing.ogg,Item,Item,MurasamaSwing,物品/武器,物品/武器音效；动作：近战挥击/撞击；主题：Murasama Swing。 代码标识：Swing。,0.40,9.2,2,48000,1,Items\Weapons\Melee\Murasama.cs:22 (Swing)
659,Item\NanoblackReaper\NanoblackReaper_LightspeedMiss.ogg,Item,Item\NanoblackReaper,NanoblackReaper_LightspeedMiss,物品/武器,物品/武器音效；动作：通用/特殊；主题：Nanoblack Reaper Lightspeed Miss。 代码标识：LightspeedMissSound。,2.02,24.6,2,48000,1,Projectiles\Rogue\NanoblackMain.cs:29 (LightspeedMissSound)
660,Item\NanoblackReaper\NanoblackReaper_LightspeedMissPerfect.ogg,Item,Item\NanoblackReaper,NanoblackReaper_LightspeedMissPerfect,物品/武器,物品/武器音效；动作：通用/特殊；主题：Nanoblack Reaper Lightspeed Miss Perfect。 代码标识：LightspeedPerfectMissSound。,2.02,31.8,2,48000,1,Projectiles\Rogue\NanoblackMain.cs:36 (LightspeedPerfectMissSound)
661,Item\NanoblackReaper\NanoblackReaper_LightspeedSlash.ogg,Item,Item\NanoblackReaper,NanoblackReaper_LightspeedSlash,物品/武器,物品/武器音效；动作：近战挥击/撞击；主题：Nanoblack Reaper Lightspeed Slash。 代码标识：LightspeedSlashBaseSound。,10.09,83.6,2,48000,2,Projectiles\Rogue\NanoblackMain.cs:43 (LightspeedSlashBaseSound); Projectiles\Rogue\NanoblackMain.cs:50 (LightspeedSlashVariantSound)
662,Item\NanoblackReaper\NanoblackReaper_LightspeedSlash1.ogg,Item,Item\NanoblackReaper,NanoblackReaper_LightspeedSlash1,物品/武器,物品/武器音效；动作：近战挥击/撞击；主题：Nanoblack Reaper Lightspeed Slash。 代码标识：LightspeedSlashBaseSound。,1.09,20.4,2,48000,2,Projectiles\Rogue\NanoblackMain.cs:43 (LightspeedSlashBaseSound); Projectiles\Rogue\NanoblackMain.cs:50 (LightspeedSlashVariantSound)
663,Item\NanoblackReaper\NanoblackReaper_LightspeedSlash2.ogg,Item,Item\NanoblackReaper,NanoblackReaper_LightspeedSlash2,物品/武器,物品/武器音效；动作：近战挥击/撞击；主题：Nanoblack Reaper Lightspeed Slash。 代码标识：LightspeedSlashBaseSound。,1.09,22.5,2,48000,2,Projectiles\Rogue\NanoblackMain.cs:43 (LightspeedSlashBaseSound); Projectiles\Rogue\NanoblackMain.cs:50 (LightspeedSlashVariantSound)
664,Item\NanoblackReaper\NanoblackReaper_LightspeedSlash3.ogg,Item,Item\NanoblackReaper,NanoblackReaper_LightspeedSlash3,物品/武器,物品/武器音效；动作：近战挥击/撞击；主题：Nanoblack Reaper Lightspeed Slash。 代码标识：LightspeedSlashBaseSound。,1.23,21.8,2,48000,2,Projectiles\Rogue\NanoblackMain.cs:43 (LightspeedSlashBaseSound); Projectiles\Rogue\NanoblackMain.cs:50 (LightspeedSlashVariantSound)
665,Item\NanoblackReaper\NanoblackReaper_PerfectLightspeedSlash.ogg,Item,Item\NanoblackReaper,NanoblackReaper_PerfectLightspeedSlash,物品/武器,物品/武器音效；动作：近战挥击/撞击；主题：Nanoblack Reaper Perfect Lightspeed Slash。 代码标识：LightspeedPerfectSlashSound。,1.50,29.1,2,48000,1,Projectiles\Rogue\NanoblackMain.cs:57 (LightspeedPerfectSlashSound)
666,Item\NanoSwarm.ogg,Item,Item,NanoSwarm,物品/武器,物品/武器音效；动作：通用/特殊；主题：Nano Swarm。 代码标识：Nanomachines。,0.34,6.8,1,44100,1,Items\Weapons\Ranged\BlightSpewer.cs:17 (Nanomachines)
667,Item\NidhoggBigShot.ogg,Item,Item,NidhoggBigShot,物品/武器,物品/武器音效；动作：射击/发射；主题：Nidhogg Big Shot。 代码标识：sound。,1.41,43.6,2,44100,1,Projectiles\DraedonsArsenal\NidhoggHoldout.cs:156 (sound)
668,Item\NidhoggCharge.ogg,Item,Item,NidhoggCharge,物品/武器,物品/武器音效；动作：蓄力/充能/冷却；主题：Nidhogg Charge。 代码标识：sound。,3.78,72.6,2,44100,1,Projectiles\DraedonsArsenal\NidhoggHoldout.cs:109 (sound)
669,Item\NidhoggFire.ogg,Item,Item,NidhoggFire,物品/武器,物品/武器音效；动作：射击/发射；主题：Nidhogg Fire。 代码标识：sound。,0.95,23.8,2,32000,2,Projectiles\DraedonsArsenal\NidhoggHoldout.cs:180 (sound); Projectiles\DraedonsArsenal\VulcanSpear.cs:100 (sound2)
670,Item\NitroExpressRifleFire.ogg,Item,Item,NitroExpressRifleFire,物品/武器,物品/武器音效；动作：射击/发射；主题：Nitro Express Rifle Fire。 代码标识：FireSound。,1.04,11.9,2,44100,1,Items\Weapons\Ranged\NitroExpressRifle.cs:15 (FireSound)
671,Item\NorfleetFire.ogg,Item,Item,NorfleetFire,物品/武器,物品/武器音效；动作：射击/发射；主题：Norfleet Fire。 代码标识：fire。,1.46,15.1,2,44100,1,Projectiles\Ranged\NorfleetCannon.cs:189 (fire)
672,Item\NorfleetRecharge.ogg,Item,Item,NorfleetRecharge,物品/武器,物品/武器音效；动作：蓄力/充能/冷却；主题：Norfleet Recharge。 代码标识：charge。,3.94,33.0,2,44100,1,Projectiles\Ranged\NorfleetCannon.cs:255 (charge)
673,Item\NormalityRelocator1.ogg,Item,Item,NormalityRelocator1,物品/武器,物品/武器音效；动作：通用/特殊；主题：Normality Relocator。 代码标识：TeleportSound。,0.92,33.0,2,44100,1,Items\Tools\NormalityRelocator.cs:16 (TeleportSound)
674,Item\NormalityRelocator2.ogg,Item,Item,NormalityRelocator2,物品/武器,物品/武器音效；动作：通用/特殊；主题：Normality Relocator。 代码标识：TeleportSound。,0.92,33.7,2,44100,1,Items\Tools\NormalityRelocator.cs:16 (TeleportSound)
675,Item\NormalityRelocator3.ogg,Item,Item,NormalityRelocator3,物品/武器,物品/武器音效；动作：通用/特殊；主题：Normality Relocator。 代码标识：TeleportSound。,0.92,33.7,2,44100,1,Items\Tools\NormalityRelocator.cs:16 (TeleportSound)
676,Item\NuhUhUh.ogg,Item,Item,NuhUhUh,物品/武器,物品/武器音效；动作：通用/特殊；主题：Nuh Uh Uh。 首处代码上下文：NorfleetCannon.cs。,3.00,76.1,2,44100,1,Projectiles\Ranged\NorfleetCannon.cs:333
677,Item\NullHit.ogg,Item,Item,NullHit,物品/武器,物品/武器音效；动作：受击/命中/冲击；主题：Null Hit。 代码标识：h。,0.69,17.7,2,44100,2,Projectiles\Typeless\RelicOfConvergenceCrystal.cs:72 (h); Items\Weapons\Ranged\NullificationPistol.cs:19 (HitSound)
678,Item\NullImpact.ogg,Item,Item,NullImpact,物品/武器,物品/武器音效；动作：受击/命中/冲击；主题：Null Impact。 代码标识：transform。,0.40,13.7,2,44100,4,CalPlayer\CalamityPlayerMiscEffects.cs:1782 (transform); CalPlayer\CalamityPlayerMiscEffects.cs:1833 (transform); Projectiles\Ranged\NullFlash.cs:64 (fire); 另 1 处
679,Item\NullShot.ogg,Item,Item,NullShot,物品/武器,物品/武器音效；动作：射击/发射；主题：Null Shot。 代码标识：activate。,0.73,19.3,2,44100,2,CalPlayer\CalamityPlayer.cs:3512 (activate); Items\Weapons\Ranged\NullificationPistol.cs:93 (fire)
680,Item\OmicronBeam.ogg,Item,Item,OmicronBeam,物品/武器,物品/武器音效；动作：激光/光束；主题：Omicron Beam。 代码标识：fire。,1.45,13.9,2,44100,4,Projectiles\Magic\OmicronHoldout.cs:100 (fire); Projectiles\Melee\LightspeedHoldout.cs:344 (otherSound); Projectiles\Melee\LucreciaHoldout.cs:194 (projectile); 另 1 处
681,Item\OntologicalDespoilerLargeImpact.ogg,Item,Item,OntologicalDespoilerLargeImpact,物品/武器,物品/武器音效；动作：受击/命中/冲击；主题：Ontological Despoiler Large Impact。 代码标识：fire。,1.79,46.2,2,44100,1,Projectiles\Ranged\OntologicalDespoilerBeam.cs:122 (fire)
682,Item\OntologicalDespoilerLargeShot.ogg,Item,Item,OntologicalDespoilerLargeShot,物品/武器,物品/武器音效；动作：射击/发射；主题：Ontological Despoiler Large Shot。 首处代码上下文：OrdoSigil.cs。,1.25,20.4,1,48000,2,Projectiles\Magic\OrdoSigil.cs:47; Items\Weapons\Ranged\OntologicalDespoiler.cs:24 (BigShot2)
683,Item\OntologicalDespoilerSmallImpact.ogg,Item,Item,OntologicalDespoilerSmallImpact,物品/武器,物品/武器音效；动作：受击/命中/冲击；主题：Ontological Despoiler Small Impact。 代码标识：fire。,0.96,16.4,1,48000,1,Projectiles\Ranged\OntologicalDespoilerShot.cs:192 (fire)
684,Item\OpalCharge.ogg,Item,Item,OpalCharge,物品/武器,物品/武器音效；动作：蓄力/充能/冷却；主题：Opal Charge。 代码标识：Charge。,1.37,13.1,1,24000,1,Items\Weapons\Ranged\OpalStriker.cs:15 (Charge)
685,Item\OpalChargedFire.ogg,Item,Item,OpalChargedFire,物品/武器,物品/武器音效；动作：射击/发射；主题：Opal Charged Fire。 首处代码上下文：FireImplosion.cs。,1.82,20.6,1,48000,3,Projectiles\Magic\FireImplosion.cs:43; Projectiles\Typeless\RelicOfDeliveranceSpear.cs:247 (sound3); Items\Weapons\Ranged\OpalStriker.cs:19 (ChargedFire)
686,Item\OpalChargeLoop.ogg,Item,Item,OpalChargeLoop,物品/武器,物品/武器音效；动作：蓄力/充能/冷却；主题：Opal Charge Loop。 代码标识：ChargeLoop。,2.60,21.2,1,24000,1,Items\Weapons\Ranged\OpalStriker.cs:16 (ChargeLoop)
687,Item\OpalFire.ogg,Item,Item,OpalFire,物品/武器,物品/武器音效；动作：射击/发射；主题：Opal Fire。 代码标识：Fire。,1.24,11.8,1,24000,1,Items\Weapons\Ranged\OpalStriker.cs:18 (Fire)
688,Item\OracleHum.ogg,Item,Item,OracleHum,物品/武器,物品/武器音效；动作：通用/特殊；主题：Oracle Hum。 代码标识：charge。,2.05,32.1,1,44100,1,Projectiles\Melee\Yoyos\OracleYoyo.cs:169 (charge)
689,Item\PBGSummon.ogg,Item,Item,PBGSummon,物品/武器,物品/武器音效；动作：激活/使用/UI；主题：PBG Summon。 代码标识：UseSound。,3.61,79.0,2,48000,1,Items\SummonItems\Abombination.cs:18 (UseSound)
690,Item\PhalanxSurgeCharge.ogg,Item,Item,PhalanxSurgeCharge,物品/武器,物品/武器音效；动作：蓄力/充能/冷却；主题：Phalanx Surge Charge。 代码标识：sound。,1.08,28.4,2,32000,1,Projectiles\DraedonsArsenal\PhalanxSurgeHoldout.cs:152 (sound)
691,Item\PhalanxSurgeChargeLoop.ogg,Item,Item,PhalanxSurgeChargeLoop,物品/武器,物品/武器音效；动作：蓄力/充能/冷却；主题：Phalanx Surge Charge Loop。 代码标识：sound。,2.73,57.9,2,32000,1,Projectiles\DraedonsArsenal\PhalanxSurgeHoldout.cs:147 (sound)
692,Item\PhalanxSurgeChargeMax.ogg,Item,Item,PhalanxSurgeChargeMax,物品/武器,物品/武器音效；动作：蓄力/充能/冷却；主题：Phalanx Surge Charge Max。 代码标识：sound。,0.28,11.6,2,32000,1,Projectiles\DraedonsArsenal\PhalanxSurgeHoldout.cs:158 (sound)
693,Item\PhalanxSurgeChargeShoot.ogg,Item,Item,PhalanxSurgeChargeShoot,物品/武器,物品/武器音效；动作：射击/发射；主题：Phalanx Surge Charge Shoot。 代码标识：sound。,1.88,45.8,2,32000,1,Projectiles\DraedonsArsenal\PhalanxSurgeHoldout.cs:260 (sound)
694,Item\PhalanxSurgeShoot.ogg,Item,Item,PhalanxSurgeShoot,物品/武器,物品/武器音效；动作：射击/发射；主题：Phalanx Surge Shoot。 代码标识：sound。,1.07,27.4,2,32000,1,Projectiles\DraedonsArsenal\PhalanxSurgeHoldout.cs:278 (sound)
695,Item\PhantasmalFuryShoot.ogg,Item,Item,PhantasmalFuryShoot,物品/武器,物品/武器音效；动作：射击/发射；主题：Phantasmal Fury Shoot。 代码标识：UseSound。,1.46,21.2,2,24000,1,Items\Weapons\Magic\PhantasmalFury.cs:35 (UseSound)
696,Item\PhantomHeartUse.ogg,Item,Item,PhantomHeartUse,物品/武器,物品/武器音效；动作：激活/使用/UI；主题：Phantom Heart Use。 代码标识：UseSound。,4.31,30.1,2,44100,1,Items\PermanentBoosters\PhantomHeart.cs:17 (UseSound)
697,Item\PhantomSpirit.ogg,Item,Item,PhantomSpirit,物品/武器,物品/武器音效；动作：通用/特殊；主题：Phantom Spirit。 代码标识：HitSound。,1.27,12.0,1,24000,2,Projectiles\Rogue\PhantasmalSoulBlue.cs:11 (HitSound); Items\Weapons\Melee\VoidEdge.cs:88 (sound)
698,Item\PhotoHitSound.ogg,Item,Item,PhotoHitSound,物品/武器,物品/武器音效；动作：受击/命中/冲击；主题：Photo Hit Sound。 代码标识：HitSound。,0.31,7.0,1,44100,1,Items\Weapons\Ranged\Photoviscerator.cs:19 (HitSound)
699,Item\PhotoUseSound.ogg,Item,Item,PhotoUseSound,物品/武器,物品/武器音效；动作：激活/使用/UI；主题：Photo Use Sound。 代码标识：BigBeamSound。,0.99,13.0,1,44100,2,Projectiles\Ranged\TauCannonHoldout.cs:74 (BigBeamSound); Items\Weapons\Ranged\Photoviscerator.cs:18 (UseSound)
700,Item\PlasmaBig.ogg,Item,Item,PlasmaBig,物品/武器,物品/武器音效；动作：通用/特殊；主题：Plasma Big。 代码标识：sound。,1.24,21.7,1,44100,1,Projectiles\DraedonsArsenal\ImmolationArrow.cs:225 (sound)
701,Item\PlasmaBlast.ogg,Item,Item,PlasmaBlast,物品/武器,物品/武器音效；动作：爆炸/爆裂；主题：Plasma Blast。 未找到直接字符串引用，可能由资源约定、动态路径或遗留资源使用。,2.00,15.2,2,22050,0,
702,Item\PlasmaBolt.ogg,Item,Item,PlasmaBolt,物品/武器,物品/武器音效；动作：通用/特殊；主题：Plasma Bolt。 代码标识：PlasmaBoltSound。,1.29,10.2,1,22050,1,Sounds\CommonCalamitySounds.cs:27 (PlasmaBoltSound)
703,Item\PlasmaCasterFire.ogg,Item,Item,PlasmaCasterFire,物品/武器,物品/武器音效；动作：射击/发射；主题：Plasma Caster Fire。 代码标识：FireSound。,1.31,20.4,2,44100,1,Items\Weapons\DraedonsArsenal\PlasmaCaster.cs:20 (FireSound)
704,Item\PlasmaGrenadeExplosion.ogg,Item,Item,PlasmaGrenadeExplosion,物品/武器,物品/武器音效；动作：爆炸/爆裂；主题：Plasma Grenade Explosion。 代码标识：ExplosionSound。,1.50,16.7,1,44100,1,Items\Weapons\DraedonsArsenal\PlasmaGrenade.cs:21 (ExplosionSound)
705,Item\PlasmaRifleAlt.ogg,Item,Item,PlasmaRifleAlt,物品/武器,物品/武器音效；动作：通用/特殊；主题：Plasma Rifle Alt。 代码标识：FastShotSound。,0.76,16.4,2,44100,1,Items\Weapons\Magic\PlasmaRifle.cs:16 (FastShotSound)
706,Item\PlasmaRifleMain.ogg,Item,Item,PlasmaRifleMain,物品/武器,物品/武器音效；动作：通用/特殊；主题：Plasma Rifle Main。 代码标识：HeavyShotSound。,1.27,26.1,2,44100,2,Items\Weapons\Magic\PlasmaRifle.cs:15 (HeavyShotSound); Items\Weapons\Ranged\Auralis.cs:17 (HeavyShotSound)
707,Item\PlasmaSmall.ogg,Item,Item,PlasmaSmall,物品/武器,物品/武器音效；动作：通用/特殊；主题：Plasma Small。 代码标识：PlasmaSound。,0.22,8.1,1,44100,1,Items\Weapons\DraedonsArsenal\HolofibreImmolator.cs:20 (PlasmaSound)
708,Item\PolarisShot.ogg,Item,Item,PolarisShot,物品/武器,物品/武器音效；动作：射击/发射；主题：Polaris Shot。 代码标识：Shot。,0.27,6.4,1,48000,1,Items\Weapons\Ranged\PolarisParrotfish.cs:21 (Shot)
709,Item\ProtolithBangleSound.ogg,Item,Item,ProtolithBangleSound,物品/武器,物品/武器音效；动作：通用/特殊；主题：Protolith Bangle Sound。 代码标识：sound。,2.57,57.1,2,44100,1,Projectiles\Typeless\ProtolithBangleProjectile.cs:80 (sound)
710,Item\PulseRifleFire.ogg,Item,Item,PulseRifleFire,物品/武器,物品/武器音效；动作：射击/发射；主题：Pulse Rifle Fire。 代码标识：fire2。,1.51,42.5,2,44100,2,Projectiles\Magic\ApoctosisArrayHoldout.cs:232 (fire2); Items\Weapons\DraedonsArsenal\PulseRifle.cs:20 (FireSound)
711,Item\PulseSound.ogg,Item,Item,PulseSound,物品/武器,物品/武器音效；动作：通用/特殊；主题：Pulse Sound。 代码标识：pulse。,1.15,31.1,2,44100,4,Projectiles\DraedonsArsenal\PulseGrenadeOrb.cs:91 (pulse); Projectiles\DraedonsArsenal\PulseGrenadeProjectile.cs:108 (pulse); Projectiles\DraedonsArsenal\PulsePistolShot.cs:126 (pulse); 另 1 处
712,Item\PulseSoundHeavy.ogg,Item,Item,PulseSoundHeavy,物品/武器,物品/武器音效；动作：通用/特殊；主题：Pulse Sound Heavy。 代码标识：pulseHard。,0.94,27.4,2,44100,2,Projectiles\DraedonsArsenal\PulseGrenadeProjectile.cs:313 (pulseHard); Projectiles\DraedonsArsenal\PulseGrenadeProjectile.cs:316 (pulse)
713,Item\PumpkaboomNormalTicking.ogg,Item,Item,PumpkaboomNormalTicking,物品/武器,物品/武器音效；动作：爆炸/爆裂；主题：Pumpkaboom Normal Ticking。 首处代码上下文：PumpkaboomSmall.cs。,1.88,16.6,2,24000,1,Projectiles\Rogue\PumpkaboomSmall.cs:94
714,Item\PumpkaboomStealthTicking.ogg,Item,Item,PumpkaboomStealthTicking,物品/武器,物品/武器音效；动作：爆炸/爆裂；主题：Pumpkaboom Stealth Ticking。 首处代码上下文：PumpkaboomBig.cs。,1.88,20.3,2,24000,1,Projectiles\Rogue\PumpkaboomBig.cs:97
715,Item\PwnagehammerBigImpact.ogg,Item,Item,PwnagehammerBigImpact,物品/武器,物品/武器音效；动作：受击/命中/冲击；主题：Pwnagehammer Big Impact。 代码标识：BigSound。,2.86,29.1,2,44100,1,Projectiles\Melee\PwnagehammerEcho.cs:13 (BigSound)
716,Item\PwnagehammerSound.ogg,Item,Item,PwnagehammerSound,物品/武器,物品/武器音效；动作：通用/特殊；主题：Pwnagehammer Sound。 代码标识：UseSound。,1.85,22.5,2,44100,5,Projectiles\Melee\FallenPaladinsHammerProj.cs:18 (UseSound); Projectiles\Melee\GalaxySmasherHammer.cs:23 (UseSound); Projectiles\Melee\PwnagehammerProj.cs:14 (UseSound); 另 2 处
717,Item\RadiationBurst.ogg,Item,Item,RadiationBurst,物品/武器,物品/武器音效；动作：爆炸/爆裂；主题：Radiation Burst。 代码标识：fire。,2.64,82.3,2,44100,2,Projectiles\Rogue\ReaperProjectile.cs:179 (fire); Projectiles\Rogue\ReaperProjectile.cs:252 (fire)
718,Item\RadiationRain.ogg,Item,Item,RadiationRain,物品/武器,物品/武器音效；动作：激活/使用/UI；主题：Radiation Rain。 代码标识：fire。,4.60,164.4,2,44100,1,Projectiles\Rogue\ReaperProjectile.cs:234 (fire)
719,Item\RealityRupture.ogg,Item,Item,RealityRupture,物品/武器,物品/武器音效；动作：通用/特殊；主题：Reality Rupture。 代码标识：ThrowSound。,1.01,11.3,1,48000,1,Items\Weapons\Rogue\RealityRupture.cs:16 (ThrowSound)
720,Item\RealityRuptureStealth.ogg,Item,Item,RealityRuptureStealth,物品/武器,物品/武器音效；动作：通用/特殊；主题：Reality Rupture Stealth。 代码标识：RightClickSound。,1.86,17.5,1,48000,2,Projectiles\Ranged\ScorpioHoldout.cs:165 (RightClickSound); Items\Weapons\Rogue\RealityRupture.cs:18 (ThrowSound3)
721,Item\RealityRuptureStealthHit.ogg,Item,Item,RealityRuptureStealthHit,物品/武器,物品/武器音效；动作：受击/命中/冲击；主题：Reality Rupture Stealth Hit。 代码标识：Hitsound。,1.54,15.9,1,48000,1,Projectiles\Rogue\RealityRuptureStealth.cs:14 (Hitsound)
722,Item\RubicoReload.ogg,Item,Item,RubicoReload,物品/武器,物品/武器音效；动作：蓄力/充能/冷却；主题：Rubico Reload。 代码标识：ReloadSound。,0.57,22.8,2,32000,1,Items\Weapons\Ranged\RubicoPrime.cs:17 (ReloadSound)
723,Item\SanctifiedSparkHappy.ogg,Item,Item,SanctifiedSparkHappy,物品/武器,物品/武器音效；动作：通用/特殊；主题：Sanctified Spark Happy。 代码标识：happy。,0.72,29.2,2,44100,1,Projectiles\Summon\ProfanedEnergy.cs:123 (happy)
724,Item\SarosDiskThrow1.ogg,Item,Item,SarosDiskThrow1,物品/武器,物品/武器音效；动作：射击/发射；主题：Saros Disk Throw。 未找到直接字符串引用，可能由资源约定、动态路径或遗留资源使用。,0.33,10.3,2,48000,0,
725,Item\SarosDiskThrow2.ogg,Item,Item,SarosDiskThrow2,物品/武器,物品/武器音效；动作：射击/发射；主题：Saros Disk Throw。 未找到直接字符串引用，可能由资源约定、动态路径或遗留资源使用。,0.34,10.4,2,48000,0,
726,Item\SarosDiskThrow3.ogg,Item,Item,SarosDiskThrow3,物品/武器,物品/武器音效；动作：射击/发射；主题：Saros Disk Throw。 未找到直接字符串引用，可能由资源约定、动态路径或遗留资源使用。,0.39,10.8,2,48000,0,
727,Item\SawShot1.ogg,Item,Item,SawShot1,物品/武器,物品/武器音效；动作：射击/发射；主题：Saw Shot。 代码标识：ShootSound。,0.60,12.0,2,44100,2,Projectiles\Ranged\BuzzkillHoldout.cs:80 (ShootSound); Projectiles\Ranged\SuperradiantSlaughtererHoldout.cs:125 (ShootSound)
728,Item\SawShot2.ogg,Item,Item,SawShot2,物品/武器,物品/武器音效；动作：射击/发射；主题：Saw Shot。 代码标识：ShootSound。,0.59,12.1,2,44100,2,Projectiles\Ranged\BuzzkillHoldout.cs:80 (ShootSound); Projectiles\Ranged\SuperradiantSlaughtererHoldout.cs:125 (ShootSound)
729,Item\Saxophone\Sax1.ogg,Item,Item\Saxophone,Sax1,物品/武器,物品/武器音效；动作：通用/特殊；主题：Sax。 代码标识：SaxSound。,0.21,8.1,2,44100,2,Projectiles\Magic\AcidicReed.cs:12 (SaxSound); NPCs\SulphurousSea\BelchingCoral.cs:20 (SAXOPHONE)
730,Item\Saxophone\Sax2.ogg,Item,Item\Saxophone,Sax2,物品/武器,物品/武器音效；动作：通用/特殊；主题：Sax。 代码标识：SaxSound。,0.21,8.2,2,44100,2,Projectiles\Magic\AcidicReed.cs:12 (SaxSound); NPCs\SulphurousSea\BelchingCoral.cs:20 (SAXOPHONE)
731,Item\Saxophone\Sax3.ogg,Item,Item\Saxophone,Sax3,物品/武器,物品/武器音效；动作：通用/特殊；主题：Sax。 代码标识：SaxSound。,0.21,7.8,2,44100,2,Projectiles\Magic\AcidicReed.cs:12 (SaxSound); NPCs\SulphurousSea\BelchingCoral.cs:20 (SAXOPHONE)
732,Item\Saxophone\Sax4.ogg,Item,Item\Saxophone,Sax4,物品/武器,物品/武器音效；动作：通用/特殊；主题：Sax。 代码标识：SaxSound。,0.31,8.9,2,44100,2,Projectiles\Magic\AcidicReed.cs:12 (SaxSound); NPCs\SulphurousSea\BelchingCoral.cs:20 (SAXOPHONE)
733,Item\Saxophone\Sax5.ogg,Item,Item\Saxophone,Sax5,物品/武器,物品/武器音效；动作：通用/特殊；主题：Sax。 代码标识：SaxSound。,0.25,8.6,2,44100,2,Projectiles\Magic\AcidicReed.cs:12 (SaxSound); NPCs\SulphurousSea\BelchingCoral.cs:20 (SAXOPHONE)
734,Item\Saxophone\Sax6.ogg,Item,Item\Saxophone,Sax6,物品/武器,物品/武器音效；动作：通用/特殊；主题：Sax。 代码标识：SaxSound。,0.35,10.5,2,44100,2,Projectiles\Magic\AcidicReed.cs:12 (SaxSound); NPCs\SulphurousSea\BelchingCoral.cs:20 (SAXOPHONE)
735,Item\ScorchedEarthShot1.ogg,Item,Item,ScorchedEarthShot1,物品/武器,物品/武器音效；动作：射击/发射；主题：Scorched Earth Shot。 首处代码上下文：MineralMortarHoldout.cs。,1.95,57.2,1,48000,3,Projectiles\Ranged\MineralMortarHoldout.cs:63; Projectiles\Ranged\ScorchedEarthRocket.cs:65 (PrimeSound); NPCs\SupremeCalamitas\SupremeCataclysm.cs:423 (charge)
736,Item\ScorchedEarthShot2.ogg,Item,Item,ScorchedEarthShot2,物品/武器,物品/武器音效；动作：射击/发射；主题：Scorched Earth Shot。 首处代码上下文：MineralMortarHoldout.cs。,1.83,55.0,1,48000,3,Projectiles\Ranged\MineralMortarHoldout.cs:63; Projectiles\Ranged\ScorchedEarthRocket.cs:65 (PrimeSound); NPCs\SupremeCalamitas\SupremeCataclysm.cs:423 (charge)
737,Item\ScorchedEarthShot3.ogg,Item,Item,ScorchedEarthShot3,物品/武器,物品/武器音效；动作：射击/发射；主题：Scorched Earth Shot。 首处代码上下文：MineralMortarHoldout.cs。,1.60,48.2,1,48000,3,Projectiles\Ranged\MineralMortarHoldout.cs:63; Projectiles\Ranged\ScorchedEarthRocket.cs:65 (PrimeSound); NPCs\SupremeCalamitas\SupremeCataclysm.cs:423 (charge)
738,Item\ScorpioHit.ogg,Item,Item,ScorpioHit,物品/武器,物品/武器音效；动作：受击/命中/冲击；主题：Scorpio Hit。 代码标识：onKill。,0.39,8.3,1,44100,2,Projectiles\Ranged\VanquisherArrowProj.cs:146 (onKill); Items\Weapons\Ranged\Scorpio.cs:37 (RocketHit)
739,Item\ScorpioNukeHit.ogg,Item,Item,ScorpioNukeHit,物品/武器,物品/武器音效；动作：受击/命中/冲击；主题：Scorpio Nuke Hit。 代码标识：fire。,2.41,24.2,1,44100,3,Projectiles\Ranged\NorfleetComet.cs:84 (fire); Projectiles\Summon\SiriusQuasar.cs:82 (fire); Items\Weapons\Ranged\Scorpio.cs:38 (NukeHit)
740,Item\ScorpioShot.ogg,Item,Item,ScorpioShot,物品/武器,物品/武器音效；动作：射击/发射；主题：Scorpio Shot。 代码标识：RocketShoot。,0.44,8.6,1,44100,2,Items\Weapons\Ranged\ScorchedEarth.cs:19 (RocketShoot); Items\Weapons\Ranged\Scorpio.cs:36 (RocketShoot)
741,Item\SevensStrikerBust.ogg,Item,Item,SevensStrikerBust,物品/武器,物品/武器音效；动作：通用/特殊；主题：Sevens Striker Bust。 代码标识：BustSound。,1.20,26.6,2,44100,1,Items\Weapons\Ranged\TheSevensStriker.cs:20 (BustSound)
742,Item\SevensStrikerBustGFB.ogg,Item,Item,SevensStrikerBustGFB,物品/武器,物品/武器音效；动作：通用/特殊；主题：Sevens Striker Bust GFB。 代码标识：BustGFB。,1.09,31.3,2,48000,1,Items\Weapons\Ranged\TheSevensStriker.cs:21 (BustGFB)
743,Item\SevensStrikerCoinShot.ogg,Item,Item,SevensStrikerCoinShot,物品/武器,物品/武器音效；动作：射击/发射；主题：Sevens Striker Coin Shot。 代码标识：CoinSound。,0.37,11.1,2,44100,1,Items\Weapons\Ranged\TheSevensStriker.cs:26 (CoinSound)
744,Item\SevensStrikerDoubles.ogg,Item,Item,SevensStrikerDoubles,物品/武器,物品/武器音效；动作：通用/特殊；主题：Sevens Striker Doubles。 代码标识：DoublesSound。,1.02,24.1,2,44100,1,Items\Weapons\Ranged\TheSevensStriker.cs:22 (DoublesSound)
745,Item\SevensStrikerJackpot.ogg,Item,Item,SevensStrikerJackpot,物品/武器,物品/武器音效；动作：通用/特殊；主题：Sevens Striker Jackpot。 代码标识：JackpotSound。,0.96,22.5,2,44100,1,Items\Weapons\Ranged\TheSevensStriker.cs:24 (JackpotSound)
746,Item\SevensStrikerJackpotGFB.ogg,Item,Item,SevensStrikerJackpotGFB,物品/武器,物品/武器音效；动作：通用/特殊；主题：Sevens Striker Jackpot GFB。 代码标识：JackpotGFB。,1.64,45.0,2,48000,1,Items\Weapons\Ranged\TheSevensStriker.cs:25 (JackpotGFB)
747,Item\SevensStrikerRoulette.ogg,Item,Item,SevensStrikerRoulette,物品/武器,物品/武器音效；动作：通用/特殊；主题：Sevens Striker Roulette。 代码标识：RouletteSound。,2.77,57.6,2,44100,1,Items\Weapons\Ranged\TheSevensStriker.cs:18 (RouletteSound)
748,Item\SevensStrikerRouletteTick.ogg,Item,Item,SevensStrikerRouletteTick,物品/武器,物品/武器音效；动作：通用/特殊；主题：Sevens Striker Roulette Tick。 代码标识：RouletteTickSound。,0.16,7.0,2,44100,1,Items\Weapons\Ranged\TheSevensStriker.cs:19 (RouletteTickSound)
749,Item\SevensStrikerTriples.ogg,Item,Item,SevensStrikerTriples,物品/武器,物品/武器音效；动作：通用/特殊；主题：Sevens Striker Triples。 代码标识：TriplesSound。,1.11,25.5,2,44100,1,Items\Weapons\Ranged\TheSevensStriker.cs:23 (TriplesSound)
750,Item\ShadowboltReflect.ogg,Item,Item,ShadowboltReflect,物品/武器,物品/武器音效；动作：通用/特殊；主题：Shadowbolt Reflect。 代码标识：bounce。,1.16,27.9,2,44100,2,Projectiles\Magic\Shadowbolt.cs:76 (bounce); Projectiles\Ranged\OntologicalDespoilerGrenade.cs:172 (fire2)
751,Item\ShadowboltWallHit.ogg,Item,Item,ShadowboltWallHit,物品/武器,物品/武器音效；动作：受击/命中/冲击；主题：Shadowbolt Wall Hit。 代码标识：wall。,0.19,10.1,2,44100,2,Projectiles\Magic\Shadowbolt.cs:122 (wall); Projectiles\Ranged\HyperiusBulletProj.cs:145
752,Item\SHPCVacuumEnd.ogg,Item,Item,SHPCVacuumEnd,物品/武器,物品/武器音效；动作：循环/开始结束/预警；主题：SHPC Vacuum End。 代码标识：VacuumEnd。,0.96,25.6,2,48000,1,Items\Weapons\Magic\SHPC.cs:24 (VacuumEnd)
753,Item\SHPCVacuumLoop.ogg,Item,Item,SHPCVacuumLoop,物品/武器,物品/武器音效；动作：循环/开始结束/预警；主题：SHPC Vacuum Loop。 代码标识：VacuumLoop。,2.24,57.3,2,48000,1,Items\Weapons\Magic\SHPC.cs:23 (VacuumLoop)
754,Item\SHPCVacuumStart.ogg,Item,Item,SHPCVacuumStart,物品/武器,物品/武器音效；动作：循环/开始结束/预警；主题：SHPC Vacuum Start。 代码标识：VacuumStart。,1.37,33.8,2,48000,1,Items\Weapons\Magic\SHPC.cs:22 (VacuumStart)
755,Item\ShrimpFire.ogg,Item,Item,ShrimpFire,物品/武器,物品/武器音效；动作：射击/发射；主题：Shrimp Fire。 代码标识：Fire。,0.58,23.2,2,96000,1,Items\Weapons\DraedonsArsenal\AqueousHunterDrone.cs:19 (Fire)
756,Item\ShrimpMissileHit.ogg,Item,Item,ShrimpMissileHit,物品/武器,物品/武器音效；动作：受击/命中/冲击；主题：Shrimp Missile Hit。 代码标识：Hit。,0.35,12.3,1,96000,1,Items\Weapons\DraedonsArsenal\AqueousHunterDrone.cs:20 (Hit)
757,Item\ShrimpSound1.ogg,Item,Item,ShrimpSound1,物品/武器,物品/武器音效；动作：通用/特殊；主题：Shrimp Sound。 代码标识：Sound1。,0.77,29.6,2,96000,1,Items\Weapons\DraedonsArsenal\AqueousHunterDrone.cs:21 (Sound1)
758,Item\ShrimpSound2.ogg,Item,Item,ShrimpSound2,物品/武器,物品/武器音效；动作：通用/特殊；主题：Shrimp Sound。 代码标识：Sound2。,0.81,33.8,2,96000,1,Items\Weapons\DraedonsArsenal\AqueousHunterDrone.cs:22 (Sound2)
759,Item\ShrimpSurprise.ogg,Item,Item,ShrimpSurprise,物品/武器,物品/武器音效；动作：通用/特殊；主题：Shrimp Surprise。 代码标识：Surprise。,0.43,18.5,2,96000,1,Items\Weapons\DraedonsArsenal\AqueousHunterDrone.cs:23 (Surprise)
760,Item\SignusSpawn.ogg,Item,Item,SignusSpawn,物品/武器,物品/武器音效；动作：移动/生成/阶段转换；主题：Signus Spawn。 代码标识：SignutSound。,6.77,114.5,2,44100,1,Items\SummonItems\MarkofProvidence.cs:20 (SignutSound)
761,Item\SkytideBolt.ogg,Item,Item,SkytideBolt,物品/武器,物品/武器音效；动作：通用/特殊；主题：Skytide Bolt。 代码标识：sound。,1.77,25.6,2,48000,2,Projectiles\Melee\SkytideDragoonHoldout.cs:222 (sound); Projectiles\Melee\SkytideDragoonHoldout.cs:232 (fire)
762,Item\SkytideSwing.ogg,Item,Item,SkytideSwing,物品/武器,物品/武器音效；动作：近战挥击/撞击；主题：Skytide Swing。 代码标识：fire。,1.77,19.4,2,48000,1,Projectiles\Melee\SkytideDragoonHoldout.cs:207 (fire)
763,Item\SnootBooped.ogg,Item,Item,SnootBooped,物品/武器,物品/武器音效；动作：通用/特殊；主题：Snoot Booped。 代码标识：boop。,0.41,14.1,2,44100,1,Projectiles\Melee\GrandDadHoldout.cs:242 (boop)
764,Item\SoupConsumption.ogg,Item,Item,SoupConsumption,物品/武器,物品/武器音效；动作：激活/使用/UI；主题：Soup Consumption。 代码标识：UseSound。,16.13,389.5,2,44100,1,Items\Potions\Food\LavaChickenBroth.cs:16 (UseSound)
765,Item\SpearofDestiny.ogg,Item,Item,SpearofDestiny,物品/武器,物品/武器音效；动作：通用/特殊；主题：Spearof Destiny。 代码标识：fire。,0.62,7.7,1,24000,2,Items\Weapons\Rogue\MoltenAmputator.cs:76 (fire); Items\Weapons\Rogue\SpearofDestiny.cs:13 (ThrowSound)
766,Item\SpinningWoosh.ogg,Item,Item,SpinningWoosh,物品/武器,物品/武器音效；动作：近战挥击/撞击；主题：Spinning Woosh。 代码标识：spin。,5.12,98.6,2,44100,4,Projectiles\Ranged\HellbornHoldout.cs:98 (spin); Projectiles\Rogue\ReaperProjectile.cs:120; Items\Weapons\Melee\AbyssBlade.cs:13 (SpinSound); 另 1 处
767,Item\Splatshot.ogg,Item,Item,Splatshot,物品/武器,物品/武器音效；动作：射击/发射；主题：Splatshot。 代码标识：Shot。,0.43,8.7,2,32000,1,Items\Weapons\Ranged\SpeedBlaster.cs:18 (Shot)
768,Item\SplatshotBig.ogg,Item,Item,SplatshotBig,物品/武器,物品/武器音效；动作：射击/发射；主题：Splatshot Big。 代码标识：ShotBig。,0.67,12.0,2,32000,1,Items\Weapons\Ranged\SpeedBlaster.cs:20 (ShotBig)
769,Item\SplatshotBigImpact.ogg,Item,Item,SplatshotBigImpact,物品/武器,物品/武器音效；动作：受击/命中/冲击；主题：Splatshot Big Impact。 代码标识：ShotImpactBig。,0.65,11.3,2,32000,1,Projectiles\Ranged\SpeedBlasterShot.cs:23 (ShotImpactBig)
770,Item\SplatshotDash.ogg,Item,Item,SplatshotDash,物品/武器,物品/武器音效；动作：射击/发射；主题：Splatshot Dash。 代码标识：Dash。,0.53,10.0,2,32000,1,Items\Weapons\Ranged\SpeedBlaster.cs:19 (Dash)
771,Item\SplatshotImpact.ogg,Item,Item,SplatshotImpact,物品/武器,物品/武器音效；动作：受击/命中/冲击；主题：Splatshot Impact。 代码标识：ShotImpact。,0.24,7.3,2,32000,1,Projectiles\Ranged\SpeedBlasterShot.cs:22 (ShotImpact)
772,Item\SporeKnifeChomp1.ogg,Item,Item,SporeKnifeChomp1,物品/武器,物品/武器音效；动作：通用/特殊；主题：Spore Knife Chomp。 代码标识：ChompSound。,0.30,20.1,2,48000,1,Items\Weapons\Rogue\SporeKnife.cs:15 (ChompSound)
773,Item\SporeKnifeChomp2.ogg,Item,Item,SporeKnifeChomp2,物品/武器,物品/武器音效；动作：通用/特殊；主题：Spore Knife Chomp。 代码标识：ChompSound。,0.33,21.9,2,48000,1,Items\Weapons\Rogue\SporeKnife.cs:15 (ChompSound)
774,Item\SporeKnifeChomp3.ogg,Item,Item,SporeKnifeChomp3,物品/武器,物品/武器音效；动作：通用/特殊；主题：Spore Knife Chomp。 代码标识：ChompSound。,0.30,20.0,2,48000,1,Items\Weapons\Rogue\SporeKnife.cs:15 (ChompSound)
775,Item\SporeKnifeImpact.ogg,Item,Item,SporeKnifeImpact,物品/武器,物品/武器音效；动作：受击/命中/冲击；主题：Spore Knife Impact。 代码标识：ImpactSound。,0.49,26.8,2,48000,1,Items\Weapons\Rogue\SporeKnife.cs:13 (ImpactSound)
776,Item\SporeKnifeStealthImpact.ogg,Item,Item,SporeKnifeStealthImpact,物品/武器,物品/武器音效；动作：受击/命中/冲击；主题：Spore Knife Stealth Impact。 代码标识：StealthImpactSound。,1.08,50.9,2,48000,1,Items\Weapons\Rogue\SporeKnife.cs:14 (StealthImpactSound)
777,Item\SporeKnifeThrow1.ogg,Item,Item,SporeKnifeThrow1,物品/武器,物品/武器音效；动作：射击/发射；主题：Spore Knife Throw。 代码标识：ThrowSound。,0.44,25.2,2,48000,1,Items\Weapons\Rogue\SporeKnife.cs:12 (ThrowSound)
778,Item\SporeKnifeThrow2.ogg,Item,Item,SporeKnifeThrow2,物品/武器,物品/武器音效；动作：射击/发射；主题：Spore Knife Throw。 代码标识：ThrowSound。,0.47,27.8,2,48000,1,Items\Weapons\Rogue\SporeKnife.cs:12 (ThrowSound)
779,Item\StarfleetFire.ogg,Item,Item,StarfleetFire,物品/武器,物品/武器音效；动作：射击/发射；主题：Starfleet Fire。 代码标识：shotgunFire。,1.03,31.3,2,48000,1,Projectiles\Ranged\StarfleetHoldout.cs:171 (shotgunFire)
780,Item\StarfleetStarburst.ogg,Item,Item,StarfleetStarburst,物品/武器,物品/武器音效；动作：爆炸/爆裂；主题：Starfleet Starburst。 代码标识：test。,1.25,45.7,2,48000,3,Projectiles\Ranged\StarfleetHoldout.cs:115 (test); Projectiles\Ranged\StarmadaHoldout.cs:129 (blast1); Projectiles\Ranged\StarmadaHoldout.cs:131 (blast2)
781,Item\StarmadaFire.ogg,Item,Item,StarmadaFire,物品/武器,物品/武器音效；动作：射击/发射；主题：Starmada Fire。 代码标识：shotgunFire。,1.03,39.9,2,48000,1,Projectiles\Ranged\StarmadaHoldout.cs:226 (shotgunFire)
782,Item\StellarContemptClone.ogg,Item,Item,StellarContemptClone,物品/武器,物品/武器音效；动作：激活/使用/UI；主题：Stellar Contempt Clone。 代码标识：RedHamSound。,1.17,24.4,2,44100,1,Projectiles\Melee\StellarContemptHammer.cs:21 (RedHamSound)
783,Item\StellarContemptImpact.ogg,Item,Item,StellarContemptImpact,物品/武器,物品/武器音效；动作：受击/命中/冲击；主题：Stellar Contempt Impact。 代码标识：SlamHamSound。,3.00,43.5,2,44100,1,Projectiles\Melee\StellarContemptEcho.cs:16 (SlamHamSound)
784,Item\StormWeaverSpawn.ogg,Item,Item,StormWeaverSpawn,物品/武器,物品/武器音效；动作：移动/生成/阶段转换；主题：Storm Weaver Spawn。 代码标识：StormSound。,4.85,91.5,2,96000,1,Items\SummonItems\MarkofProvidence.cs:21 (StormSound)
785,Item\StratusSphereCast.ogg,Item,Item,StratusSphereCast,物品/武器,物品/武器音效；动作：通用/特殊；主题：Stratus Sphere Cast。 代码标识：CastSound。,1.41,28.3,2,48000,1,Items\Weapons\Typeless\StratusSphere.cs:27 (CastSound)
786,Item\StygianBonk1.ogg,Item,Item,StygianBonk1,物品/武器,物品/武器音效；动作：激活/使用/UI；主题：Stygian Bonk。 代码标识：DashHitSound。,0.50,10.6,2,44100,1,Items\Weapons\Melee\StygianShield.cs:21 (DashHitSound)
787,Item\StygianBonk2.ogg,Item,Item,StygianBonk2,物品/武器,物品/武器音效；动作：激活/使用/UI；主题：Stygian Bonk。 代码标识：DashHitSound。,0.55,10.5,2,44100,1,Items\Weapons\Melee\StygianShield.cs:21 (DashHitSound)
788,Item\StygianBonk3.ogg,Item,Item,StygianBonk3,物品/武器,物品/武器音效；动作：激活/使用/UI；主题：Stygian Bonk。 代码标识：DashHitSound。,0.39,9.0,2,44100,1,Items\Weapons\Melee\StygianShield.cs:21 (DashHitSound)
789,Item\StygianCatch.ogg,Item,Item,StygianCatch,物品/武器,物品/武器音效；动作：通用/特殊；主题：Stygian Catch。 代码标识：ShieldCatchSound。,0.60,10.4,2,44100,1,Items\Weapons\Melee\StygianShield.cs:25 (ShieldCatchSound)
790,Item\StygianDash.ogg,Item,Item,StygianDash,物品/武器,物品/武器音效；动作：移动/生成/阶段转换；主题：Stygian Dash。 代码标识：DashSound。,2.69,35.0,2,44100,2,Items\Weapons\Melee\StygianShield.cs:20 (DashSound); Items\Weapons\Rogue\NanoblackReaper.cs:101 (flurryActivationSound1)
791,Item\StygianDashCharge.ogg,Item,Item,StygianDashCharge,物品/武器,物品/武器音效；动作：蓄力/充能/冷却；主题：Stygian Dash Charge。 代码标识：DashChargeSound。,1.07,17.2,2,44100,1,Items\Weapons\Melee\StygianShield.cs:19 (DashChargeSound)
792,Item\StygianThrow.ogg,Item,Item,StygianThrow,物品/武器,物品/武器音效；动作：射击/发射；主题：Stygian Throw。 代码标识：ShieldThrowSound。,0.47,9.2,2,44100,1,Items\Weapons\Melee\StygianShield.cs:22 (ShieldThrowSound)
793,Item\StygianThrowLoop.ogg,Item,Item,StygianThrowLoop,物品/武器,物品/武器音效；动作：射击/发射；主题：Stygian Throw Loop。 代码标识：ThrowLoopSound。,0.99,14.0,2,44100,1,Items\Weapons\Melee\StygianShield.cs:23 (ThrowLoopSound)
794,Item\Summon\SarosFiring.ogg,Item,Item\Summon,SarosFiring,物品/武器,物品/武器音效；动作：射击/发射；主题：Saros Firing。 代码标识：FiringSound。,1.10,16.4,2,44100,1,Items\Weapons\Summon\SarosPossession.cs:19 (FiringSound)
795,Item\Summon\SarosSpawn.ogg,Item,Item\Summon,SarosSpawn,物品/武器,物品/武器音效；动作：移动/生成/阶段转换；主题：Saros Spawn。 代码标识：SpawnSound。,1.10,16.4,2,44100,1,Items\Weapons\Summon\SarosPossession.cs:20 (SpawnSound)
796,Item\SupernovaBoom.ogg,Item,Item,SupernovaBoom,物品/武器,物品/武器音效；动作：爆炸/爆裂；主题：Supernova Boom。 代码标识：ExplosionSound。,0.81,10.6,2,44100,1,Items\Weapons\Rogue\Supernova.cs:17 (ExplosionSound)
797,Item\SupernovaStealthCharge.ogg,Item,Item,SupernovaStealthCharge,物品/武器,物品/武器音效；动作：蓄力/充能/冷却；主题：Supernova Stealth Charge。 代码标识：StealthChargeSound。,2.28,44.6,2,44100,1,Items\Weapons\Rogue\Supernova.cs:19 (StealthChargeSound)
798,Item\SupernovaStealthExplode.ogg,Item,Item,SupernovaStealthExplode,物品/武器,物品/武器音效；动作：爆炸/爆裂；主题：Supernova Stealth Explode。 代码标识：StealthExplosionSound。,2.89,45.8,2,44100,1,Items\Weapons\Rogue\Supernova.cs:18 (StealthExplosionSound)
799,Item\Swine1.ogg,Item,Item,Swine1,物品/武器,物品/武器音效；动作：通用/特殊；主题：Swine。 代码标识：snort。,0.44,19.3,2,44100,2,Projectiles\Typeless\ScionsCurioMini.cs:148 (snort); Projectiles\Typeless\ScionsCurioMini.cs:167 (snort)
800,Item\Swine2.ogg,Item,Item,Swine2,物品/武器,物品/武器音效；动作：通用/特殊；主题：Swine。 代码标识：snort。,0.32,16.3,2,44100,2,Projectiles\Typeless\ScionsCurioMini.cs:148 (snort); Projectiles\Typeless\ScionsCurioMini.cs:167 (snort)
801,Item\SwingMid.ogg,Item,Item,SwingMid,物品/武器,物品/武器音效；动作：近战挥击/撞击；主题：Swing Mid。 代码标识：fire2。,0.52,11.7,1,44100,11,Projectiles\Melee\BalefulHarvesterHoldout.cs:128 (fire2); Projectiles\Melee\CometQuasherHoldout.cs:139 (fire2); Projectiles\Melee\DevilsSunriseProj.cs:20 (ThrowSound); 另 8 处
802,Item\SwooshMid.ogg,Item,Item,SwooshMid,物品/武器,物品/武器音效；动作：通用/特殊；主题：Swoosh Mid。 代码标识：hardThrow。,0.15,6.7,1,44100,9,Projectiles\DraedonsArsenal\PulseGrenadeProjectile.cs:130 (hardThrow); Projectiles\Melee\EarthHoldout.cs:188 (swoosh); Projectiles\Rogue\DoomsdayDeviceProjectile.cs:142 (w); 另 6 处
803,Item\SylvestaffFire1.ogg,Item,Item,SylvestaffFire1,物品/武器,物品/武器音效；动作：射击/发射；主题：Sylvestaff Fire。 代码标识：FireSound。,0.89,21.4,2,48000,1,Items\Weapons\Magic\Sylvestaff.cs:42 (FireSound)
804,Item\SylvestaffFire2.ogg,Item,Item,SylvestaffFire2,物品/武器,物品/武器音效；动作：射击/发射；主题：Sylvestaff Fire。 代码标识：FireSound。,1.24,24.6,2,48000,1,Items\Weapons\Magic\Sylvestaff.cs:42 (FireSound)
805,Item\SylvestaffFire3.ogg,Item,Item,SylvestaffFire3,物品/武器,物品/武器音效；动作：射击/发射；主题：Sylvestaff Fire。 代码标识：FireSound。,1.10,23.0,2,48000,1,Items\Weapons\Magic\Sylvestaff.cs:42 (FireSound)
806,Item\SylvestaffProjectileBounce1.ogg,Item,Item,SylvestaffProjectileBounce1,物品/武器,物品/武器音效；动作：通用/特殊；主题：Sylvestaff Projectile Bounce。 代码标识：BounceSound。,1.03,25.6,2,48000,1,Items\Weapons\Magic\Sylvestaff.cs:47 (BounceSound)
807,Item\SylvestaffProjectileBounce2.ogg,Item,Item,SylvestaffProjectileBounce2,物品/武器,物品/武器音效；动作：通用/特殊；主题：Sylvestaff Projectile Bounce。 代码标识：BounceSound。,1.10,24.4,2,48000,1,Items\Weapons\Magic\Sylvestaff.cs:47 (BounceSound)
808,Item\SylvestaffProjectileBounce3.ogg,Item,Item,SylvestaffProjectileBounce3,物品/武器,物品/武器音效；动作：通用/特殊；主题：Sylvestaff Projectile Bounce。 代码标识：BounceSound。,1.46,31.9,2,48000,1,Items\Weapons\Magic\Sylvestaff.cs:47 (BounceSound)
809,Item\TankCannon.ogg,Item,Item,TankCannon,物品/武器,物品/武器音效；动作：激活/使用/UI；主题：Tank Cannon。 代码标识：UseSound。,2.89,36.7,2,44100,2,Items\Weapons\Ranged\HandheldTank.cs:15 (UseSound); Items\Weapons\Ranged\RubicoPrime.cs:16 (UseSound)
810,Item\TaserLaunch.ogg,Item,Item,TaserLaunch,物品/武器,物品/武器音效；动作：射击/发射；主题：Taser Launch。 代码标识：oops。,1.00,18.5,1,44100,2,Projectiles\Ranged\StarmadaHoldout.cs:219 (oops); Items\Weapons\DraedonsArsenal\ShortCircuit.cs:22 (Fire)
811,Item\TearsOfHeavenUse.ogg,Item,Item,TearsOfHeavenUse,物品/武器,物品/武器音效；动作：激活/使用/UI；主题：Tears Of Heaven Use。 代码标识：UseSound。,0.92,34.9,2,44100,1,Items\Weapons\Magic\TearsofHeaven.cs:14 (UseSound)
812,Item\TerratomereSwing.ogg,Item,Item,TerratomereSwing,物品/武器,物品/武器音效；动作：近战挥击/撞击；主题：Terratomere Swing。 代码标识：fire。,0.69,13.5,2,44100,4,Projectiles\Melee\BalefulHarvesterHoldout.cs:126 (fire); Projectiles\Melee\CometQuasherHoldout.cs:137 (fire); Projectiles\Melee\StellarStrikerHoldout.cs:139 (fire); 另 1 处
813,Item\TeslaCannonFire.ogg,Item,Item,TeslaCannonFire,物品/武器,物品/武器音效；动作：射击/发射；主题：Tesla Cannon Fire。 代码标识：FireSound。,2.40,35.6,2,44100,1,Items\Weapons\DraedonsArsenal\TeslaCannon.cs:20 (FireSound)
814,Item\TF2PanHit.ogg,Item,Item,TF2PanHit,物品/武器,物品/武器音效；动作：受击/命中/冲击；主题：TF2 Pan Hit。 代码标识：Kunk。,0.68,17.2,2,48000,5,Projectiles\Melee\FallenPaladinsHammerEcho.cs:15 (Kunk); Projectiles\Melee\GalaxySmasherEcho.cs:20 (Kunk); Projectiles\Melee\PwnagehammerEcho.cs:14 (Kunk); 另 2 处
815,Item\TheHiveNuke.ogg,Item,Item,TheHiveNuke,物品/武器,物品/武器音效；动作：爆炸/爆裂；主题：The Hive Nuke。 代码标识：fire。,1.45,15.1,2,48000,3,Projectiles\Ranged\HiveNuke.cs:184 (fire); Projectiles\Ranged\HiveNuke.cs:189 (fire); Projectiles\Typeless\AuricLandMineExplosion.cs:47 (explode2)
816,Item\UnstableCastersGauntlet\AerSigilGust.ogg,Item,Item\UnstableCastersGauntlet,AerSigilGust,物品/武器,物品/武器音效；动作：通用/特殊；主题：Aer Sigil Gust。 首处代码上下文：AerSigilMissile.cs。,1.79,27.1,2,48000,1,Projectiles\Magic\AerSigilMissile.cs:98
817,Item\UnstableCastersGauntlet\AquaSigilExplosion.ogg,Item,Item\UnstableCastersGauntlet,AquaSigilExplosion,物品/武器,物品/武器音效；动作：爆炸/爆裂；主题：Aqua Sigil Explosion。 首处代码上下文：AquaSigilWaterball.cs。,2.07,33.8,2,48000,1,Projectiles\Magic\AquaSigilWaterball.cs:106
818,Item\UnstableCastersGauntlet\AquaSigilShot.ogg,Item,Item\UnstableCastersGauntlet,AquaSigilShot,物品/武器,物品/武器音效；动作：射击/发射；主题：Aqua Sigil Shot。 首处代码上下文：AquaSigil.cs。,0.77,17.1,2,48000,1,Projectiles\Magic\AquaSigil.cs:46
819,Item\UnstableCastersGauntlet\IgnisSigilHit.ogg,Item,Item\UnstableCastersGauntlet,IgnisSigilHit,物品/武器,物品/武器音效；动作：受击/命中/冲击；主题：Ignis Sigil Hit。 首处代码上下文：IgnisSigilFireball.cs。,0.94,20.6,2,48000,1,Projectiles\Magic\IgnisSigilFireball.cs:128
820,Item\UnstableCastersGauntlet\PerditoSigilHit1.ogg,Item,Item\UnstableCastersGauntlet,PerditoSigilHit1,物品/武器,物品/武器音效；动作：受击/命中/冲击；主题：Perdito Sigil Hit。 首处代码上下文：PerditoSigilShotCreator.cs。,0.66,14.7,2,48000,1,Projectiles\Magic\PerditoSigilShotCreator.cs:48
821,Item\UnstableCastersGauntlet\PerditoSigilHit2.ogg,Item,Item\UnstableCastersGauntlet,PerditoSigilHit2,物品/武器,物品/武器音效；动作：受击/命中/冲击；主题：Perdito Sigil Hit。 首处代码上下文：PerditoSigilShotCreator.cs。,1.01,12.9,2,48000,1,Projectiles\Magic\PerditoSigilShotCreator.cs:45
822,Item\UnstableCastersGauntlet\VisNeedleFire.ogg,Item,Item\UnstableCastersGauntlet,VisNeedleFire,物品/武器,物品/武器音效；动作：射击/发射；主题：Vis Needle Fire。 首处代码上下文：UnstableCastersGauntletHoldout.cs。,1.31,14.7,2,48000,2,Projectiles\Magic\UnstableCastersGauntletHoldout.cs:145; Projectiles\Magic\WarpSigilShotCreator.cs:49
823,Item\ViperSpit.ogg,Item,Item,ViperSpit,物品/武器,物品/武器音效；动作：通用/特殊；主题：Viper Spit。 代码标识：fire。,1.04,25.8,1,44100,3,Projectiles\Magic\VitriolicViperHoldout.cs:75 (fire); Projectiles\Magic\VitriolicViperHoldout.cs:119 (fire); Projectiles\Rogue\ReaperProjectile.cs:236 (fire2)
824,Item\VividClarityBeamAppear.ogg,Item,Item,VividClarityBeamAppear,物品/武器,物品/武器音效；动作：激光/光束；主题：Vivid Clarity Beam Appear。 首处代码上下文：AerSigil.cs。,0.53,13.8,2,44100,4,Projectiles\Magic\AerSigil.cs:46; Projectiles\Melee\NeptunesBountyProjectile.cs:134; Items\Weapons\Magic\Atlantis.cs:35 (UseSound); 另 1 处
825,Item\VividClarityShoot.ogg,Item,Item,VividClarityShoot,物品/武器,物品/武器音效；动作：射击/发射；主题：Vivid Clarity Shoot。 代码标识：UseSound。,0.77,18.5,2,44100,1,Items\Weapons\Magic\VividClarity.cs:19 (UseSound)
826,Item\VoidDash.ogg,Item,Item,VoidDash,物品/武器,物品/武器音效；动作：移动/生成/阶段转换；主题：Void Dash。 代码标识：VoidDash。,1.39,28.9,2,44100,1,Items\Accessories\StatisVoidSash.cs:25 (VoidDash)
827,Item\VolterionFire.ogg,Item,Item,VolterionFire,物品/武器,物品/武器音效；动作：射击/发射；主题：Volterion Fire。 代码标识：FireSound。,4.65,72.0,2,48000,1,Projectiles\Magic\VolterionHoldout.cs:28 (FireSound)
828,Item\VolterionOrbShot.ogg,Item,Item,VolterionOrbShot,物品/武器,物品/武器音效；动作：射击/发射；主题：Volterion Orb Shot。 代码标识：FireSound。,1.24,18.4,2,44100,1,Projectiles\Magic\VolterionOrb.cs:18 (FireSound)
829,Item\VulcanRampDown.ogg,Item,Item,VulcanRampDown,物品/武器,物品/武器音效；动作：通用/特殊；主题：Vulcan Ramp Down。 代码标识：sound。,0.90,28.1,2,44100,1,Projectiles\DraedonsArsenal\VulcanHoldout.cs:80 (sound)
830,Item\VulcanRampUp.ogg,Item,Item,VulcanRampUp,物品/武器,物品/武器音效；动作：通用/特殊；主题：Vulcan Ramp Up。 代码标识：sound2。,0.45,16.3,2,44100,2,Projectiles\DraedonsArsenal\VulcanHoldout.cs:87 (sound2); Projectiles\DraedonsArsenal\VulcanSpear.cs:91 (sound2)
831,Item\VulcanShot.ogg,Item,Item,VulcanShot,物品/武器,物品/武器音效；动作：射击/发射；主题：Vulcan Shot。 代码标识：sound。,0.31,16.7,2,44100,1,Projectiles\DraedonsArsenal\VulcanHoldout.cs:195 (sound)
832,Item\WaterSplash1.ogg,Item,Item,WaterSplash1,物品/武器,物品/武器音效；动作：水体/气泡；主题：Water Splash。 代码标识：transform。,1.21,17.3,1,44100,4,CalPlayer\CalamityPlayerMiscEffects.cs:1899 (transform); CalPlayer\CalamityPlayerMiscEffects.cs:2013 (max); Projectiles\Typeless\LeviAmberDash.cs:122 (sound); 另 1 处
833,Item\WaterSplash2.ogg,Item,Item,WaterSplash2,物品/武器,物品/武器音效；动作：水体/气泡；主题：Water Splash。 代码标识：sound。,0.90,14.7,1,44100,2,Projectiles\Typeless\LeviAmberDash.cs:122 (sound); Projectiles\Typeless\PuddleSplash.cs:37 (waterSound)
834,Item\WeldingBurn.ogg,Item,Item,WeldingBurn,物品/武器,物品/武器音效；动作：通用/特殊；主题：Welding Burn。 代码标识：burn。,0.25,6.2,1,44100,3,Projectiles\Boss\BrimstoneMonster.cs:306 (burn); Projectiles\Magic\IncineratingFireball.cs:158 (Burn); Items\Weapons\Ranged\DragonsBreath.cs:23 (WeldingBurn)
835,Item\WeldingShoot.ogg,Item,Item,WeldingShoot,物品/武器,物品/武器音效；动作：射击/发射；主题：Welding Shoot。 代码标识：fire2。,0.60,9.6,1,44100,2,Projectiles\Melee\EarthMeteor.cs:76 (fire2); Items\Weapons\Ranged\DragonsBreath.cs:24 (WeldingShoot)
836,Item\WulfrumBlunderbussFire.ogg,Item,Item,WulfrumBlunderbussFire,物品/武器,物品/武器音效；动作：射击/发射；主题：Wulfrum Blunderbuss Fire。 代码标识：FireSound。,1.76,31.1,2,44100,2,Projectiles\Ranged\M1GarandHoldout.cs:46 (FireSound); Items\Weapons\Ranged\WulfrumBlunderbuss.cs:22 (ShootSound)
837,Item\WulfrumBlunderbussFireAndReload.ogg,Item,Item,WulfrumBlunderbussFireAndReload,物品/武器,物品/武器音效；动作：射击/发射；主题：Wulfrum Blunderbuss Fire And Reload。 代码标识：ShootAndReloadSound。,1.76,36.4,2,44100,2,Items\Weapons\Ranged\Animosity.cs:18 (ShootAndReloadSound); Items\Weapons\Ranged\WulfrumBlunderbuss.cs:23 (ShootAndReloadSound)
838,Item\WulfrumKnifeThrowFull.ogg,Item,Item,WulfrumKnifeThrowFull,物品/武器,物品/武器音效；动作：射击/发射；主题：Wulfrum Knife Throw Full。 代码标识：Throw3Sound。,0.77,14.9,2,48000,1,Items\Weapons\Rogue\WulfrumKnife.cs:15 (Throw3Sound)
839,Item\WulfrumKnifeThrowSingle.ogg,Item,Item,WulfrumKnifeThrowSingle,物品/武器,物品/武器音效；动作：射击/发射；主题：Wulfrum Knife Throw Single。 代码标识：HitSound。,0.59,13.5,2,48000,2,Projectiles\Rogue\PhantasmalRuinProj.cs:13 (HitSound); Items\Weapons\Rogue\WulfrumKnife.cs:17 (Throw1Sound)
840,Item\WulfrumKnifeThrowTwo.ogg,Item,Item,WulfrumKnifeThrowTwo,物品/武器,物品/武器音效；动作：射击/发射；主题：Wulfrum Knife Throw Two。 代码标识：Throw2Sound。,0.65,14.1,2,48000,1,Items\Weapons\Rogue\WulfrumKnife.cs:16 (Throw2Sound)
841,Item\WulfrumKnifeTileHit1.ogg,Item,Item,WulfrumKnifeTileHit1,物品/武器,物品/武器音效；动作：受击/命中/冲击；主题：Wulfrum Knife Tile Hit。 代码标识：fire。,0.36,7.6,1,48000,3,Projectiles\Melee\PhotonRipperProjectile.cs:253 (fire); Projectiles\Melee\RespiteblockHoldout.cs:112 (fire); Items\Weapons\Rogue\WulfrumKnife.cs:18 (TileHitSound)
842,Item\WulfrumKnifeTileHit2.ogg,Item,Item,WulfrumKnifeTileHit2,物品/武器,物品/武器音效；动作：受击/命中/冲击；主题：Wulfrum Knife Tile Hit。 代码标识：fire。,0.38,8.0,1,48000,10,Projectiles\Melee\GrandGuardianHoldout.cs:205 (fire); Projectiles\Melee\PhotonRipperProjectile.cs:253 (fire); Projectiles\Melee\RespiteblockHoldout.cs:112 (fire); 另 7 处
843,Item\WulfrumPing.ogg,Item,Item,WulfrumPing,物品/武器,物品/武器音效；动作：通用/特殊；主题：Wulfrum Ping。 代码标识：ScanBeepSound。,3.96,59.3,2,44100,1,Items\Tools\WulfrumTreasurePinger.cs:20 (ScanBeepSound)
844,Item\WulfrumPingBreak.ogg,Item,Item,WulfrumPingBreak,物品/武器,物品/武器音效；动作：采掘/破碎/物块碰撞；主题：Wulfrum Ping Break。 代码标识：ScanBeepBreakSound。,2.86,49.4,2,44100,1,Items\Tools\WulfrumTreasurePinger.cs:21 (ScanBeepBreakSound)
845,Item\WulfrumPingReady.ogg,Item,Item,WulfrumPingReady,物品/武器,物品/武器音效；动作：通用/特殊；主题：Wulfrum Ping Ready。 代码标识：RechargeBeepSound。,0.39,7.1,2,48000,1,Items\Tools\WulfrumTreasurePinger.cs:22 (RechargeBeepSound)
846,Item\WulfrumProsthesisHit.ogg,Item,Item,WulfrumProsthesisHit,物品/武器,物品/武器音效；动作：受击/命中/冲击；主题：Wulfrum Prosthesis Hit。 代码标识：HitSound。,1.01,17.7,2,44100,1,Items\Weapons\Magic\WulfrumProsthesis.cs:21 (HitSound)
847,Item\WulfrumProsthesisShoot.ogg,Item,Item,WulfrumProsthesisShoot,物品/武器,物品/武器音效；动作：射击/发射；主题：Wulfrum Prosthesis Shoot。 代码标识：fireSmall。,1.06,21.7,2,44100,3,Projectiles\Summon\AmphibiansGuitarMinion.cs:99 (fireSmall); Items\Weapons\Magic\WulfrumProsthesis.cs:20 (ShootSound); Items\Armor\Wulfrum\WulfrumFusionCannon.cs:22 (ShootSound)
848,Item\WulfrumProsthesisSucc.ogg,Item,Item,WulfrumProsthesisSucc,物品/武器,物品/武器音效；动作：通用/特殊；主题：Wulfrum Prosthesis Succ。 代码标识：SuckSound。,2.27,31.4,2,44100,1,Items\Weapons\Magic\WulfrumProsthesis.cs:22 (SuckSound)
849,Item\WulfrumProsthesisSuccStop.ogg,Item,Item,WulfrumProsthesisSuccStop,物品/武器,物品/武器音效；动作：通用/特殊；主题：Wulfrum Prosthesis Succ Stop。 代码标识：SuckStopSound。,1.43,21.4,2,44100,1,Items\Weapons\Magic\WulfrumProsthesis.cs:23 (SuckStopSound)
850,Item\WulfrumScrewdriverScrewGet.ogg,Item,Item,WulfrumScrewdriverScrewGet,物品/武器,物品/武器音效；动作：通用/特殊；主题：Wulfrum Screwdriver Screw Get。 代码标识：ScrewGetSound。,1.81,37.7,2,48000,1,Items\Weapons\Melee\WulfrumScrewdriver.cs:24 (ScrewGetSound)
851,Item\WulfrumScrewdriverScrewHit.ogg,Item,Item,WulfrumScrewdriverScrewHit,物品/武器,物品/武器音效；动作：受击/命中/冲击；主题：Wulfrum Screwdriver Screw Hit。 代码标识：ScrewHitSound。,1.15,19.4,2,48000,1,Items\Weapons\Melee\WulfrumScrewdriver.cs:25 (ScrewHitSound)
852,Item\WulfrumScrewdriverThrust.ogg,Item,Item,WulfrumScrewdriverThrust,物品/武器,物品/武器音效；动作：近战挥击/撞击；主题：Wulfrum Screwdriver Thrust。 代码标识：ThrustSound。,0.78,15.4,2,48000,1,Items\Weapons\Melee\WulfrumScrewdriver.cs:22 (ThrustSound)
853,Item\WulfrumScrewdriverThud.ogg,Item,Item,WulfrumScrewdriverThud,物品/武器,物品/武器音效；动作：通用/特殊；主题：Wulfrum Screwdriver Thud。 代码标识：w。,0.46,11.4,2,48000,3,Projectiles\Rogue\PumpkaboomBig.cs:209 (w); Projectiles\Rogue\PumpkaboomSmall.cs:178 (w); Items\Weapons\Melee\WulfrumScrewdriver.cs:23 (ThudSound)
854,Item\XykDie.ogg,Item,Item,XykDie,物品/武器,物品/武器音效；动作：死亡/击杀；主题：Xyk Die。 代码标识：die。,1.58,53.6,2,48000,1,Projectiles\Typeless\XykDeathAnim.cs:41 (die)
855,Music\DraedonExoSelect.ogg,Music,Music,DraedonExoSelect,音乐,音乐或静音占位轨；主题：Draedon Exo Select。 首处代码上下文：DraedonExoSelectMusicScene.cs。,69.82,1168.2,2,44100,2,Scenes\MusicScenes\DraedonExoSelectMusicScene.cs:12; Items\Placeables\MusicBoxes\DraedonExoSelectMusicBox.cs:15
856,Music\DraedonTalk.ogg,Music,Music,DraedonTalk,音乐,音乐或静音占位轨；主题：Draedon Talk。 首处代码上下文：DraedonCommunicationMusicScene.cs。,69.78,1151.4,2,44100,2,Scenes\MusicScenes\DraedonCommunicationMusicScene.cs:9; Items\Placeables\MusicBoxes\DraedonTalkMusicBox.cs:14
857,Music\MarniteOrgan.ogg,Music,Music,MarniteOrgan,音乐,音乐或静音占位轨；主题：Marnite Organ。 代码标识：MarniteOrganSound。,9.96,152.9,2,44100,1,Tiles\FurnitureMarnite\MarniteOrgan.cs:12 (MarniteOrganSound)
858,Music\Silence.ogg,Music,Music,Silence,音乐,音乐或静音占位轨；主题：Silence。 首处代码上下文：MusicEventSystem.cs。,2.50,3.8,2,44100,6,Systems\Sound\MusicEventSystem.cs:129; Systems\Sound\MusicEventSystem.cs:182; Systems\Sound\MusicEventSystem.cs:200; 另 3 处
859,NPCHit\AnahitaHit1.ogg,NPCHit,NPCHit,AnahitaHit1,NPC受击,NPC/敌怪受击音效；对象/主题：Anahita Hit。 代码标识：HitSound。,0.31,8.8,2,44100,1,NPCs\Leviathan\Anahita.cs:23 (HitSound)
860,NPCHit\AnahitaHit2.ogg,NPCHit,NPCHit,AnahitaHit2,NPC受击,NPC/敌怪受击音效；对象/主题：Anahita Hit。 代码标识：HitSound。,0.22,8.4,2,44100,1,NPCs\Leviathan\Anahita.cs:23 (HitSound)
861,NPCHit\AnahitaHit3.ogg,NPCHit,NPCHit,AnahitaHit3,NPC受击,NPC/敌怪受击音效；对象/主题：Anahita Hit。 代码标识：HitSound。,0.24,8.5,2,44100,1,NPCs\Leviathan\Anahita.cs:23 (HitSound)
862,NPCHit\AstralEnemyHit1.ogg,NPCHit,NPCHit,AstralEnemyHit1,NPC受击,NPC/敌怪受击音效；对象/主题：Astral Enemy Hit。 代码标识：AstralNPCHitSound。,0.29,6.9,2,44100,1,Sounds\CommonCalamitySounds.cs:8 (AstralNPCHitSound)
863,NPCHit\AstralEnemyHit2.ogg,NPCHit,NPCHit,AstralEnemyHit2,NPC受击,NPC/敌怪受击音效；对象/主题：Astral Enemy Hit。 代码标识：AstralNPCHitSound。,0.22,6.2,2,44100,1,Sounds\CommonCalamitySounds.cs:8 (AstralNPCHitSound)
864,NPCHit\AstralEnemyHit3.ogg,NPCHit,NPCHit,AstralEnemyHit3,NPC受击,NPC/敌怪受击音效；对象/主题：Astral Enemy Hit。 代码标识：AstralNPCHitSound。,0.28,6.8,2,44100,1,Sounds\CommonCalamitySounds.cs:8 (AstralNPCHitSound)
865,NPCHit\AstrumDeusHit1.ogg,NPCHit,NPCHit,AstrumDeusHit1,NPC受击,NPC/敌怪受击音效；对象/主题：Astrum Deus Hit。 代码标识：HitSound。,0.35,9.0,2,44100,1,NPCs\AstrumDeus\AstrumDeusHead.cs:46 (HitSound)
866,NPCHit\AstrumDeusHit2.ogg,NPCHit,NPCHit,AstrumDeusHit2,NPC受击,NPC/敌怪受击音效；对象/主题：Astrum Deus Hit。 代码标识：HitSound。,0.33,8.7,2,44100,1,NPCs\AstrumDeus\AstrumDeusHead.cs:46 (HitSound)
867,NPCHit\AtlasHurt1.ogg,NPCHit,NPCHit,AtlasHurt1,NPC受击,NPC/敌怪受击音效；对象/主题：Atlas Hurt。 代码标识：HurtSound。,0.33,8.5,2,44100,1,NPCs\Astral\Atlas.cs:51 (HurtSound)
868,NPCHit\AtlasHurt2.ogg,NPCHit,NPCHit,AtlasHurt2,NPC受击,NPC/敌怪受击音效；对象/主题：Atlas Hurt。 代码标识：HurtSound。,0.24,7.6,2,44100,1,NPCs\Astral\Atlas.cs:51 (HurtSound)
869,NPCHit\AtlasHurt3.ogg,NPCHit,NPCHit,AtlasHurt3,NPC受击,NPC/敌怪受击音效；对象/主题：Atlas Hurt。 代码标识：HurtSound。,0.27,8.5,2,44100,1,NPCs\Astral\Atlas.cs:51 (HurtSound)
870,NPCHit\AureusHit1.ogg,NPCHit,NPCHit,AureusHit1,NPC受击,NPC/敌怪受击音效；对象/主题：Aureus Hit。 代码标识：HitSound。,0.38,11.3,2,44100,1,NPCs\AstrumAureus\AstrumAureus.cs:41 (HitSound)
871,NPCHit\AureusHit2.ogg,NPCHit,NPCHit,AureusHit2,NPC受击,NPC/敌怪受击音效；对象/主题：Aureus Hit。 代码标识：HitSound。,0.37,10.6,2,44100,1,NPCs\AstrumAureus\AstrumAureus.cs:41 (HitSound)
872,NPCHit\AureusHit3.ogg,NPCHit,NPCHit,AureusHit3,NPC受击,NPC/敌怪受击音效；对象/主题：Aureus Hit。 代码标识：HitSound。,0.42,11.6,2,44100,1,NPCs\AstrumAureus\AstrumAureus.cs:41 (HitSound)
873,NPCHit\AureusHit4.ogg,NPCHit,NPCHit,AureusHit4,NPC受击,NPC/敌怪受击音效；对象/主题：Aureus Hit。 代码标识：HitSound。,0.37,10.8,2,44100,1,NPCs\AstrumAureus\AstrumAureus.cs:41 (HitSound)
874,NPCHit\CrabulonHit1.ogg,NPCHit,NPCHit,CrabulonHit1,NPC受击,NPC/敌怪受击音效；对象/主题：Crabulon Hit。 代码标识：HitSound。,0.43,8.9,2,44100,1,NPCs\Crabulon\Crabulon.cs:47 (HitSound)
875,NPCHit\CrabulonHit2.ogg,NPCHit,NPCHit,CrabulonHit2,NPC受击,NPC/敌怪受击音效；对象/主题：Crabulon Hit。 代码标识：HitSound。,0.43,9.3,2,44100,1,NPCs\Crabulon\Crabulon.cs:47 (HitSound)
876,NPCHit\CrabulonHit3.ogg,NPCHit,NPCHit,CrabulonHit3,NPC受击,NPC/敌怪受击音效；对象/主题：Crabulon Hit。 代码标识：HitSound。,0.43,9.3,2,44100,1,NPCs\Crabulon\Crabulon.cs:47 (HitSound)
877,NPCHit\CryogenHit1.ogg,NPCHit,NPCHit,CryogenHit1,NPC受击,NPC/敌怪受击音效；对象/主题：Cryogen Hit。 首处代码上下文：CalamityGlobalNPC.cs。,0.58,32.5,2,44100,5,NPCs\CalamityGlobalNPC.cs:3194; Projectiles\Boss\DoGTeleportRift.cs:17 (CrackSound); Projectiles\Magic\FrostBoltProjectile.cs:49; 另 2 处
878,NPCHit\CryogenHit2.ogg,NPCHit,NPCHit,CryogenHit2,NPC受击,NPC/敌怪受击音效；对象/主题：Cryogen Hit。 首处代码上下文：CalamityGlobalNPC.cs。,0.58,32.9,2,44100,5,NPCs\CalamityGlobalNPC.cs:3194; Projectiles\Boss\DoGTeleportRift.cs:17 (CrackSound); Projectiles\Magic\FrostBoltProjectile.cs:49; 另 2 处
879,NPCHit\CryogenHit3.ogg,NPCHit,NPCHit,CryogenHit3,NPC受击,NPC/敌怪受击音效；对象/主题：Cryogen Hit。 首处代码上下文：CalamityGlobalNPC.cs。,0.58,32.8,2,44100,5,NPCs\CalamityGlobalNPC.cs:3194; Projectiles\Boss\DoGTeleportRift.cs:17 (CrackSound); Projectiles\Magic\FrostBoltProjectile.cs:49; 另 2 处
880,NPCHit\CryogenPhaseTransitionCrack.ogg,NPCHit,NPCHit,CryogenPhaseTransitionCrack,NPC受击,NPC/敌怪受击音效；对象/主题：Cryogen Phase Transition Crack。 代码标识：BreakSound。,1.38,73.4,2,44100,4,Projectiles\Boss\DoGTeleportRift.cs:19 (BreakSound); Projectiles\Ranged\HailstormBulletProj.cs:77 (crit); Projectiles\Rogue\ValariBoomerang.cs:171 (freeze); 另 1 处
881,NPCHit\DesertScourgeHit1.ogg,NPCHit,NPCHit,DesertScourgeHit1,NPC受击,NPC/敌怪受击音效；对象/主题：Desert Scourge Hit。 代码标识：HitSound。,0.53,13.2,2,44100,1,NPCs\DesertScourge\DesertScourgeHead.cs:63 (HitSound)
882,NPCHit\DesertScourgeHit2.ogg,NPCHit,NPCHit,DesertScourgeHit2,NPC受击,NPC/敌怪受击音效；对象/主题：Desert Scourge Hit。 代码标识：HitSound。,0.44,12.6,2,44100,1,NPCs\DesertScourge\DesertScourgeHead.cs:63 (HitSound)
883,NPCHit\DesertScourgeHit3.ogg,NPCHit,NPCHit,DesertScourgeHit3,NPC受击,NPC/敌怪受击音效；对象/主题：Desert Scourge Hit。 代码标识：HitSound。,0.41,11.8,2,44100,1,NPCs\DesertScourge\DesertScourgeHead.cs:63 (HitSound)
884,NPCHit\ExoHit1.ogg,NPCHit,NPCHit,ExoHit1,NPC受击,NPC/敌怪受击音效；对象/主题：Exo Hit。 代码标识：ExoHitSound。,0.83,15.0,2,48000,2,Sounds\CommonCalamitySounds.cs:12 (ExoHitSound); Projectiles\DraedonsArsenal\VulcanSpear.cs:148 (hitTile)
885,NPCHit\ExoHit2.ogg,NPCHit,NPCHit,ExoHit2,NPC受击,NPC/敌怪受击音效；对象/主题：Exo Hit。 代码标识：ExoHitSound。,0.79,15.7,2,96000,4,Sounds\CommonCalamitySounds.cs:12 (ExoHitSound); Projectiles\DraedonsArsenal\NidhoggHoldout.cs:69 (close); Projectiles\DraedonsArsenal\VulcanSpear.cs:98 (die); 另 1 处
886,NPCHit\ExoHit3.ogg,NPCHit,NPCHit,ExoHit3,NPC受击,NPC/敌怪受击音效；对象/主题：Exo Hit。 代码标识：sound。,0.78,16.5,2,96000,5,CalPlayer\CalamityPlayerMiscEffects.cs:1955 (sound); Sounds\CommonCalamitySounds.cs:12 (ExoHitSound); Projectiles\DraedonsArsenal\VulcanSpear.cs:56 (hitTile); 另 2 处
887,NPCHit\ExoHit4.ogg,NPCHit,NPCHit,ExoHit4,NPC受击,NPC/敌怪受击音效；对象/主题：Exo Hit。 代码标识：ExoHitSound。,0.88,17.2,2,96000,2,Sounds\CommonCalamitySounds.cs:12 (ExoHitSound); Projectiles\Rogue\ExorcismProj.cs:323 (sound)
888,NPCHit\GreatSandSharkHit.ogg,NPCHit,NPCHit,GreatSandSharkHit,NPC受击,NPC/敌怪受击音效；对象/主题：Great Sand Shark Hit。 代码标识：HurtSound。,1.04,34.8,2,44100,1,NPCs\GreatSandShark\GreatSandShark.cs:28 (HurtSound)
889,NPCHit\NuclearTerrorHit.ogg,NPCHit,NPCHit,NuclearTerrorHit,NPC受击,NPC/敌怪受击音效；对象/主题：Nuclear Terror Hit。 代码标识：fire。,0.24,10.4,2,44100,5,Projectiles\Magic\VitriolicViperHoldout.cs:177 (fire); Projectiles\Magic\VitriolicViperHoldout.cs:190 (fire); Projectiles\Magic\VitriolicViperSpit.cs:73 (fire); 另 2 处
890,NPCHit\OtherworldlyHit.ogg,NPCHit,NPCHit,OtherworldlyHit,NPC受击,NPC/敌怪受击音效；对象/主题：Otherworldly Hit。 首处代码上下文：ObliteratorYoyo.cs。,0.38,8.3,2,48000,3,Projectiles\Melee\Yoyos\ObliteratorYoyo.cs:201; NPCs\CeaselessVoid\CeaselessVoid.cs:809; NPCs\DevourerofGods\DevourerofGodsHead.cs:149 (HitSound)
891,NPCHit\PerfHiveHit1.ogg,NPCHit,NPCHit,PerfHiveHit1,NPC受击,NPC/敌怪受击音效；对象/主题：Perf Hive Hit。 代码标识：sound。,0.37,23.8,2,44100,2,Projectiles\Typeless\RetaliationProjectile.cs:103 (sound); NPCs\Perforator\PerforatorHive.cs:40 (HitSound)
892,NPCHit\PerfHiveHit2.ogg,NPCHit,NPCHit,PerfHiveHit2,NPC受击,NPC/敌怪受击音效；对象/主题：Perf Hive Hit。 代码标识：sound。,0.37,22.9,2,44100,2,Projectiles\Typeless\RetaliationProjectile.cs:103 (sound); NPCs\Perforator\PerforatorHive.cs:40 (HitSound)
893,NPCHit\PerfHiveHit3.ogg,NPCHit,NPCHit,PerfHiveHit3,NPC受击,NPC/敌怪受击音效；对象/主题：Perf Hive Hit。 代码标识：sound。,0.37,22.6,2,44100,2,Projectiles\Typeless\RetaliationProjectile.cs:103 (sound); NPCs\Perforator\PerforatorHive.cs:40 (HitSound)
894,NPCHit\PerfLargeHit1.ogg,NPCHit,NPCHit,PerfLargeHit1,NPC受击,NPC/敌怪受击音效；对象/主题：Perf Large Hit。 代码标识：hitSound。,0.42,23.1,2,44100,9,Projectiles\Magic\VisceraBeam.cs:89 (hitSound); Projectiles\Melee\BladecrestOathswordThrownBlade.cs:221 (unstuck); Projectiles\Melee\DevilsDevastationThrownBlade.cs:193 (unstuck); 另 6 处
895,NPCHit\PerfLargeHit2.ogg,NPCHit,NPCHit,PerfLargeHit2,NPC受击,NPC/敌怪受击音效；对象/主题：Perf Large Hit。 代码标识：hitSound。,0.42,23.0,2,44100,9,Projectiles\Magic\VisceraBeam.cs:89 (hitSound); Projectiles\Melee\BladecrestOathswordThrownBlade.cs:221 (unstuck); Projectiles\Melee\DevilsDevastationThrownBlade.cs:193 (unstuck); 另 6 处
896,NPCHit\PerfLargeHit3.ogg,NPCHit,NPCHit,PerfLargeHit3,NPC受击,NPC/敌怪受击音效；对象/主题：Perf Large Hit。 代码标识：hitSound。,0.42,23.6,2,44100,9,Projectiles\Magic\VisceraBeam.cs:89 (hitSound); Projectiles\Melee\BladecrestOathswordThrownBlade.cs:221 (unstuck); Projectiles\Melee\DevilsDevastationThrownBlade.cs:193 (unstuck); 另 6 处
897,NPCHit\PerfMediumHit1.ogg,NPCHit,NPCHit,PerfMediumHit1,NPC受击,NPC/敌怪受击音效；对象/主题：Perf Medium Hit。 代码标识：HitSound。,0.44,24.0,2,44100,3,NPCs\Perforator\PerforatorBodyMedium.cs:21 (HitSound); NPCs\Perforator\PerforatorHeadMedium.cs:23 (HitSound); NPCs\Perforator\PerforatorTailMedium.cs:21 (HitSound)
898,NPCHit\PerfMediumHit2.ogg,NPCHit,NPCHit,PerfMediumHit2,NPC受击,NPC/敌怪受击音效；对象/主题：Perf Medium Hit。 代码标识：fir2e。,0.44,23.1,2,44100,4,Projectiles\Melee\InsidiousHarpoon.cs:154 (fir2e); NPCs\Perforator\PerforatorBodyMedium.cs:21 (HitSound); NPCs\Perforator\PerforatorHeadMedium.cs:23 (HitSound); 另 1 处
899,NPCHit\PerfMediumHit3.ogg,NPCHit,NPCHit,PerfMediumHit3,NPC受击,NPC/敌怪受击音效；对象/主题：Perf Medium Hit。 代码标识：HitSound。,0.44,24.1,2,44100,3,NPCs\Perforator\PerforatorBodyMedium.cs:21 (HitSound); NPCs\Perforator\PerforatorHeadMedium.cs:23 (HitSound); NPCs\Perforator\PerforatorTailMedium.cs:21 (HitSound)
900,NPCHit\PerfSmallHit1.ogg,NPCHit,NPCHit,PerfSmallHit1,NPC受击,NPC/敌怪受击音效；对象/主题：Perf Small Hit。 代码标识：sound。,0.43,23.4,2,44100,5,Projectiles\Melee\GreenWater.cs:134 (sound); Projectiles\Rogue\LeviathanTooth.cs:123 (sound); NPCs\Perforator\PerforatorBodySmall.cs:20 (HitSound); 另 2 处
901,NPCHit\PerfSmallHit2.ogg,NPCHit,NPCHit,PerfSmallHit2,NPC受击,NPC/敌怪受击音效；对象/主题：Perf Small Hit。 代码标识：sound。,0.42,22.1,2,44100,5,Projectiles\Melee\GreenWater.cs:134 (sound); Projectiles\Rogue\LeviathanTooth.cs:123 (sound); NPCs\Perforator\PerforatorBodySmall.cs:20 (HitSound); 另 2 处
902,NPCHit\PerfSmallHit3.ogg,NPCHit,NPCHit,PerfSmallHit3,NPC受击,NPC/敌怪受击音效；对象/主题：Perf Small Hit。 代码标识：sound。,0.42,21.6,2,44100,6,Projectiles\Melee\GreenWater.cs:134 (sound); Projectiles\Rogue\LeviathanTooth.cs:123 (sound); NPCs\Perforator\PerforatorBodySmall.cs:20 (HitSound); 另 3 处
903,NPCHit\PolterghastHit.ogg,NPCHit,NPCHit,PolterghastHit,NPC受击,NPC/敌怪受击音效；对象/主题：Polterghast Hit。 代码标识：HitSound。,0.35,21.1,2,44100,1,NPCs\Polterghast\Polterghast.cs:56 (HitSound)
904,NPCHit\ProvidenceHurt.ogg,NPCHit,NPCHit,ProvidenceHurt,NPC受击,NPC/敌怪受击音效；对象/主题：Providence Hurt。 代码标识：HurtSound。,0.38,11.5,2,44100,1,NPCs\Providence\Providence.cs:105 (HurtSound)
905,NPCHit\RavagerHurt1.ogg,NPCHit,NPCHit,RavagerHurt1,NPC受击,NPC/敌怪受击音效；对象/主题：Ravager Hurt。 代码标识：HitSound。,0.28,10.9,2,44100,1,NPCs\Ravager\RavagerBody.cs:44 (HitSound)
906,NPCHit\RavagerHurt2.ogg,NPCHit,NPCHit,RavagerHurt2,NPC受击,NPC/敌怪受击音效；对象/主题：Ravager Hurt。 代码标识：HitSound。,0.24,10.6,2,44100,1,NPCs\Ravager\RavagerBody.cs:44 (HitSound)
907,NPCHit\RavagerHurt3.ogg,NPCHit,NPCHit,RavagerHurt3,NPC受击,NPC/敌怪受击音效；对象/主题：Ravager Hurt。 代码标识：crunch2。,0.28,12.4,2,44100,2,Projectiles\Rogue\LeviathanToothStealth.cs:100 (crunch2); NPCs\Ravager\RavagerBody.cs:44 (HitSound)
908,NPCHit\RavagerHurt4.ogg,NPCHit,NPCHit,RavagerHurt4,NPC受击,NPC/敌怪受击音效；对象/主题：Ravager Hurt。 代码标识：HitSound。,0.28,12.0,2,44100,1,NPCs\Ravager\RavagerBody.cs:44 (HitSound)
909,NPCHit\RavagerRockPillarHit1.ogg,NPCHit,NPCHit,RavagerRockPillarHit1,NPC受击,NPC/敌怪受击音效；对象/主题：Ravager Rock Pillar Hit。 代码标识：sound。,0.14,8.6,2,44100,9,Projectiles\DraedonsArsenal\ImmolationArrow.cs:158 (sound); Projectiles\Melee\BasherHoldout.cs:183 (fire); Projectiles\Rogue\AntumbraShardProjectile.cs:243 (sound); 另 6 处
910,NPCHit\RavagerRockPillarHit2.ogg,NPCHit,NPCHit,RavagerRockPillarHit2,NPC受击,NPC/敌怪受击音效；对象/主题：Ravager Rock Pillar Hit。 代码标识：fire。,0.14,9.0,2,44100,6,Projectiles\Melee\BasherHoldout.cs:183 (fire); Projectiles\Rogue\ExorcismProj.cs:119 (sound2); Projectiles\Rogue\ToxicantTwisterProj.cs:120 (fire); 另 3 处
911,NPCHit\RavagerRockPillarHit3.ogg,NPCHit,NPCHit,RavagerRockPillarHit3,NPC受击,NPC/敌怪受击音效；对象/主题：Ravager Rock Pillar Hit。 代码标识：fire。,0.13,8.6,2,44100,6,Projectiles\Melee\BasherHoldout.cs:183 (fire); Projectiles\Rogue\ExorcismProj.cs:119 (sound2); Projectiles\Rogue\ToxicantTwisterProj.cs:120 (fire); 另 3 处
912,NPCHit\RimehoundHit.ogg,NPCHit,NPCHit,RimehoundHit,NPC受击,NPC/敌怪受击音效；对象/主题：Rimehound Hit。 代码标识：HitSound。,0.40,6.7,1,44100,1,NPCs\NormalNPCs\Rimehound.cs:19 (HitSound)
913,NPCHit\ScornHurt.ogg,NPCHit,NPCHit,ScornHurt,NPC受击,NPC/敌怪受击音效；对象/主题：Scorn Hurt。 代码标识：HitSound。,0.33,8.7,2,44100,1,NPCs\NormalNPCs\ScornEater.cs:19 (HitSound)
914,NPCHit\ShieldHit1.ogg,NPCHit,NPCHit,ShieldHit1,NPC受击,NPC/敌怪受击音效；对象/主题：Shield Hit。 代码标识：HurtSound。,0.21,7.7,2,44100,1,NPCs\SupremeCalamitas\SupremeCalamitas.cs:230 (HurtSound)
915,NPCHit\ShieldHit2.ogg,NPCHit,NPCHit,ShieldHit2,NPC受击,NPC/敌怪受击音效；对象/主题：Shield Hit。 代码标识：HurtSound。,0.20,8.0,2,44100,1,NPCs\SupremeCalamitas\SupremeCalamitas.cs:230 (HurtSound)
916,NPCHit\ShieldHit3.ogg,NPCHit,NPCHit,ShieldHit3,NPC受击,NPC/敌怪受击音效；对象/主题：Shield Hit。 代码标识：HurtSound。,0.22,7.2,2,44100,1,NPCs\SupremeCalamitas\SupremeCalamitas.cs:230 (HurtSound)
917,NPCHit\StormlionAltHit.ogg,NPCHit,NPCHit,StormlionAltHit,NPC受击,NPC/敌怪受击音效；对象/主题：Stormlion Alt Hit。 代码标识：Hit。,0.39,16.1,2,44100,1,Effects\StormlionEffects.cs:18 (Hit)
918,NPCHit\StormlionHit.ogg,NPCHit,NPCHit,StormlionHit,NPC受击,NPC/敌怪受击音效；对象/主题：Stormlion Hit。 代码标识：HitSound。,0.52,13.8,2,44100,1,NPCs\NormalNPCs\Stormlion.cs:16 (HitSound)
919,NPCHit\ThanatosHitClosed1.ogg,NPCHit,NPCHit,ThanatosHitClosed1,NPC受击,NPC/敌怪受击音效；对象/主题：Thanatos Hit Closed。 代码标识：ThanatosHitSoundClosed。,0.39,11.4,2,96000,1,NPCs\ExoMechs\Thanatos\ThanatosHead.cs:41 (ThanatosHitSoundClosed)
920,NPCHit\ThanatosHitClosed2.ogg,NPCHit,NPCHit,ThanatosHitClosed2,NPC受击,NPC/敌怪受击音效；对象/主题：Thanatos Hit Closed。 代码标识：ThanatosHitSoundClosed。,0.41,11.7,2,96000,1,NPCs\ExoMechs\Thanatos\ThanatosHead.cs:41 (ThanatosHitSoundClosed)
921,NPCHit\ThanatosHitClosed3.ogg,NPCHit,NPCHit,ThanatosHitClosed3,NPC受击,NPC/敌怪受击音效；对象/主题：Thanatos Hit Closed。 代码标识：ThanatosHitSoundClosed。,0.68,17.2,2,96000,1,NPCs\ExoMechs\Thanatos\ThanatosHead.cs:41 (ThanatosHitSoundClosed)
922,NPCHit\ThanatosHitOpen1.ogg,NPCHit,NPCHit,ThanatosHitOpen1,NPC受击,NPC/敌怪受击音效；对象/主题：Thanatos Hit Open。 代码标识：fire。,0.50,12.9,2,48000,5,Projectiles\Melee\EarthHoldout.cs:283 (fire); Projectiles\Melee\GrandDadHoldout.cs:225 (fire); NPCs\SupremeCalamitas\SupremeCataclysm.cs:413 (fire); 另 2 处
923,NPCHit\ThanatosHitOpen2.ogg,NPCHit,NPCHit,ThanatosHitOpen2,NPC受击,NPC/敌怪受击音效；对象/主题：Thanatos Hit Open。 代码标识：ThanatosHitSoundOpen。,0.51,13.0,2,48000,1,NPCs\ExoMechs\Thanatos\ThanatosHead.cs:39 (ThanatosHitSoundOpen)
924,NPCHit\WulfrumHit1.ogg,NPCHit,NPCHit,WulfrumHit1,NPC受击,NPC/敌怪受击音效；对象/主题：Wulfrum Hit。 代码标识：Hit。,1.08,13.2,2,44100,1,NPCs\NormalNPCs\WulfrumAmplifier.cs:20 (Hit)
925,NPCHit\WulfrumHit2.ogg,NPCHit,NPCHit,WulfrumHit2,NPC受击,NPC/敌怪受击音效；对象/主题：Wulfrum Hit。 代码标识：Hit。,1.08,12.7,2,44100,1,NPCs\NormalNPCs\WulfrumAmplifier.cs:20 (Hit)
926,NPCHit\WulfrumHit3.ogg,NPCHit,NPCHit,WulfrumHit3,NPC受击,NPC/敌怪受击音效；对象/主题：Wulfrum Hit。 代码标识：Hit。,1.08,12.9,2,44100,1,NPCs\NormalNPCs\WulfrumAmplifier.cs:20 (Hit)
927,NPCHit\YharonHurt.ogg,NPCHit,NPCHit,YharonHurt,NPC受击,NPC/敌怪受击音效；对象/主题：Yharon Hurt。 代码标识：HitSound。,0.46,8.8,2,44100,1,NPCs\Yharon\Yharon.cs:63 (HitSound)
928,NPCKilled\AnahitaDeath.ogg,NPCKilled,NPCKilled,AnahitaDeath,NPC死亡,NPC/敌怪死亡、破碎或部位损毁音效；对象/主题：Anahita Death。 代码标识：DeathSound。,1.93,33.8,2,44100,1,NPCs\Leviathan\Anahita.cs:24 (DeathSound)
929,NPCKilled\AstralEnemyDeath.ogg,NPCKilled,NPCKilled,AstralEnemyDeath,NPC死亡,NPC/敌怪死亡、破碎或部位损毁音效；对象/主题：Astral Enemy Death。 代码标识：AstralNPCDeathSound。,0.62,10.4,2,44100,1,Sounds\CommonCalamitySounds.cs:7 (AstralNPCDeathSound)
930,NPCKilled\AstrumDeusDeath.ogg,NPCKilled,NPCKilled,AstrumDeusDeath,NPC死亡,NPC/敌怪死亡、破碎或部位损毁音效；对象/主题：Astrum Deus Death。 代码标识：DeathSound。,2.62,44.1,2,44100,1,NPCs\AstrumDeus\AstrumDeusHead.cs:47 (DeathSound)
931,NPCKilled\AtlasDeath.ogg,NPCKilled,NPCKilled,AtlasDeath,NPC死亡,NPC/敌怪死亡、破碎或部位损毁音效；对象/主题：Atlas Death。 代码标识：DeathSound。,1.00,17.7,2,44100,1,NPCs\Astral\Atlas.cs:52 (DeathSound)
932,NPCKilled\AureusDeath.ogg,NPCKilled,NPCKilled,AureusDeath,NPC死亡,NPC/敌怪死亡、破碎或部位损毁音效；对象/主题：Aureus Death。 代码标识：DeathSound。,1.93,29.2,2,44100,1,NPCs\AstrumAureus\AstrumAureus.cs:42 (DeathSound)
933,NPCKilled\CeaselessVoidDeath.ogg,NPCKilled,NPCKilled,CeaselessVoidDeath,NPC死亡,NPC/敌怪死亡、破碎或部位损毁音效；对象/主题：Ceaseless Void Death。 代码标识：DeathSound。,4.38,75.2,2,44100,1,NPCs\CeaselessVoid\CeaselessVoid.cs:36 (DeathSound)
934,NPCKilled\CrabulonDeath.ogg,NPCKilled,NPCKilled,CrabulonDeath,NPC死亡,NPC/敌怪死亡、破碎或部位损毁音效；对象/主题：Crabulon Death。 代码标识：DeathSound。,0.43,9.3,2,44100,1,NPCs\Crabulon\Crabulon.cs:48 (DeathSound)
935,NPCKilled\CrownJewelShatter.ogg,NPCKilled,NPCKilled,CrownJewelShatter,NPC死亡,NPC/敌怪死亡、破碎或部位损毁音效；对象/主题：Crown Jewel Shatter。 代码标识：ShatterSound。,1.15,40.4,2,44100,2,NPCs\NormalNPCs\KingSlimeJewelRuby.cs:21 (ShatterSound); Items\Weapons\Melee\SeekingScorcher.cs:17 (LightShatterSound)
936,NPCKilled\CryogenDeath.ogg,NPCKilled,NPCKilled,CryogenDeath,NPC死亡,NPC/敌怪死亡、破碎或部位损毁音效；对象/主题：Cryogen Death。 代码标识：DeathSound。,3.35,190.3,2,44100,1,NPCs\Cryogen\Cryogen.cs:52 (DeathSound)
937,NPCKilled\CryogenShieldBreak.ogg,NPCKilled,NPCKilled,CryogenShieldBreak,NPC死亡,NPC/敌怪死亡、破碎或部位损毁音效；对象/主题：Cryogen Shield Break。 代码标识：BreakSound。,1.38,79.1,2,44100,1,NPCs\Cryogen\CryogenShield.cs:17 (BreakSound)
938,NPCKilled\DesertScourgeDeath.ogg,NPCKilled,NPCKilled,DesertScourgeDeath,NPC死亡,NPC/敌怪死亡、破碎或部位损毁音效；对象/主题：Desert Scourge Death。 代码标识：DeathSound。,2.24,39.1,2,48000,1,NPCs\DesertScourge\DesertScourgeHead.cs:64 (DeathSound)
939,NPCKilled\DevourerDeath.ogg,NPCKilled,NPCKilled,DevourerDeath,NPC死亡,NPC/敌怪死亡、破碎或部位损毁音效；对象/主题：Devourer Death。 代码标识：DeathAnimationSound。,4.86,59.9,2,48000,1,NPCs\DevourerofGods\DevourerofGodsHead.cs:150 (DeathAnimationSound)
940,NPCKilled\DevourerDeathImpact.ogg,NPCKilled,NPCKilled,DevourerDeathImpact,NPC死亡,NPC/敌怪死亡、破碎或部位损毁音效；对象/主题：Devourer Death Impact。 代码标识：DeathExplosionSound。,4.12,59.0,2,44100,2,NPCs\DevourerofGods\DevourerofGodsHead.cs:151 (DeathExplosionSound); CalPlayer\Dashes\GodslayerArmorDash.cs:24 (Impact)
941,NPCKilled\DevourerSegmentBreak1.ogg,NPCKilled,NPCKilled,DevourerSegmentBreak1,NPC死亡,NPC/敌怪死亡、破碎或部位损毁音效；对象/主题：Devourer Segment Break。 首处代码上下文：MawOfInfinityJaws.cs。,0.53,13.6,2,96000,3,Projectiles\Melee\MawOfInfinityJaws.cs:69; Projectiles\Typeless\CosmicDashExplosion.cs:16 (Impact); NPCs\DevourerofGods\DevourerofGodsHead.cs:152 (DeathSegmentSound)
942,NPCKilled\DevourerSegmentBreak2.ogg,NPCKilled,NPCKilled,DevourerSegmentBreak2,NPC死亡,NPC/敌怪死亡、破碎或部位损毁音效；对象/主题：Devourer Segment Break。 代码标识：BaroclawHit。,0.37,12.0,2,96000,4,CalPlayer\CalamityPlayer.cs:484 (BaroclawHit); Projectiles\Rogue\LanceofDestiny.cs:12 (Hitsound); Projectiles\Rogue\RealityRuptureLance.cs:13 (Hitsound); 另 1 处
943,NPCKilled\DevourerSegmentBreak3.ogg,NPCKilled,NPCKilled,DevourerSegmentBreak3,NPC死亡,NPC/敌怪死亡、破碎或部位损毁音效；对象/主题：Devourer Segment Break。 代码标识：DeathSegmentSound。,0.63,16.4,2,96000,1,NPCs\DevourerofGods\DevourerofGodsHead.cs:152 (DeathSegmentSound)
944,NPCKilled\DevourerSegmentBreak4.ogg,NPCKilled,NPCKilled,DevourerSegmentBreak4,NPC死亡,NPC/敌怪死亡、破碎或部位损毁音效；对象/主题：Devourer Segment Break。 代码标识：DeathSegmentSound。,0.41,11.7,2,96000,1,NPCs\DevourerofGods\DevourerofGodsHead.cs:152 (DeathSegmentSound)
945,NPCKilled\EidolistDeath.ogg,NPCKilled,NPCKilled,EidolistDeath,NPC死亡,NPC/敌怪死亡、破碎或部位损毁音效；对象/主题：Eidolist Death。 代码标识：DeathSound。,0.85,14.1,2,44100,1,NPCs\NormalNPCs\Eidolist.cs:22 (DeathSound)
946,NPCKilled\ExoDeath.ogg,NPCKilled,NPCKilled,ExoDeath,NPC死亡,NPC/敌怪死亡、破碎或部位损毁音效；对象/主题：Exo Death。 代码标识：ExoDeathSound。,5.01,65.8,2,48000,1,Sounds\CommonCalamitySounds.cs:11 (ExoDeathSound)
947,NPCKilled\GreatSandSharkDeath.ogg,NPCKilled,NPCKilled,GreatSandSharkDeath,NPC死亡,NPC/敌怪死亡、破碎或部位损毁音效；对象/主题：Great Sand Shark Death。 代码标识：DeathSound。,2.36,70.8,2,44100,1,NPCs\GreatSandShark\GreatSandShark.cs:29 (DeathSound)
948,NPCKilled\Lordeath.ogg,NPCKilled,NPCKilled,Lordeath,NPC死亡,NPC/敌怪死亡、破碎或部位损毁音效；对象/主题：Lordeath。 代码标识：DeathSound。,5.69,57.2,2,44100,1,NPCs\Other\THELORDE.cs:39 (DeathSound)
949,NPCKilled\NuclearTerrorDeath.ogg,NPCKilled,NPCKilled,NuclearTerrorDeath,NPC死亡,NPC/敌怪死亡、破碎或部位损毁音效；对象/主题：Nuclear Terror Death。 代码标识：DeathSound。,4.09,83.2,2,44100,1,NPCs\AcidRain\NuclearTerror.cs:85 (DeathSound)
950,NPCKilled\PerfHiveDeath.ogg,NPCKilled,NPCKilled,PerfHiveDeath,NPC死亡,NPC/敌怪死亡、破碎或部位损毁音效；对象/主题：Perf Hive Death。 代码标识：die2。,2.31,125.0,2,44100,2,Projectiles\Ranged\SepticSkewerHarpoon.cs:195 (die2); NPCs\Perforator\PerforatorHive.cs:41 (DeathSound)
951,NPCKilled\PerfLargeDeath.ogg,NPCKilled,NPCKilled,PerfLargeDeath,NPC死亡,NPC/敌怪死亡、破碎或部位损毁音效；对象/主题：Perf Large Death。 代码标识：hitSound。,1.38,46.1,2,44100,10,Projectiles\Magic\SanguineFlareProj.cs:95 (hitSound); Projectiles\Magic\VisceraBoom.cs:33 (hitSound); Projectiles\Ranged\EmesisGore.cs:74 (splode); 另 7 处
952,NPCKilled\PerfMediumDeath.ogg,NPCKilled,NPCKilled,PerfMediumDeath,NPC死亡,NPC/敌怪死亡、破碎或部位损毁音效；对象/主题：Perf Medium Death。 代码标识：DeathSound。,1.38,44.0,2,44100,3,NPCs\Perforator\PerforatorBodyMedium.cs:22 (DeathSound); NPCs\Perforator\PerforatorHeadMedium.cs:24 (DeathSound); NPCs\Perforator\PerforatorTailMedium.cs:22 (DeathSound)
953,NPCKilled\PerfSmallDeath.ogg,NPCKilled,NPCKilled,PerfSmallDeath,NPC死亡,NPC/敌怪死亡、破碎或部位损毁音效；对象/主题：Perf Small Death。 代码标识：crunch。,1.15,35.0,2,44100,4,Projectiles\Rogue\LeviathanToothStealth.cs:97 (crunch); NPCs\Perforator\PerforatorBodySmall.cs:21 (DeathSound); NPCs\Perforator\PerforatorHeadSmall.cs:24 (DeathSound); 另 1 处
954,NPCKilled\PrimordialWyrmDeath.ogg,NPCKilled,NPCKilled,PrimordialWyrmDeath,NPC死亡,NPC/敌怪死亡、破碎或部位损毁音效；对象/主题：Primordial Wyrm Death。 代码标识：DeathSound。,6.77,45.4,2,44100,1,NPCs\PrimordialWyrm\PrimordialWyrmHead.cs:86 (DeathSound)
955,NPCKilled\RavagerDeath1.ogg,NPCKilled,NPCKilled,RavagerDeath1,NPC死亡,NPC/敌怪死亡、破碎或部位损毁音效；对象/主题：Ravager Death。 代码标识：DeathSound。,4.41,79.8,2,44100,2,NPCs\Ravager\RavagerBody.cs:45 (DeathSound); NPCs\SupremeCalamitas\SupremeCalamitas.cs:3438
956,NPCKilled\RavagerDeath2.ogg,NPCKilled,NPCKilled,RavagerDeath2,NPC死亡,NPC/敌怪死亡、破碎或部位损毁音效；对象/主题：Ravager Death。 代码标识：DeathSound。,4.06,69.6,2,44100,2,NPCs\Ravager\RavagerBody.cs:45 (DeathSound); NPCs\SupremeCalamitas\SupremeCalamitas.cs:3439
957,NPCKilled\RavagerLimbLoss1.ogg,NPCKilled,NPCKilled,RavagerLimbLoss1,NPC死亡,NPC/敌怪死亡、破碎或部位损毁音效；对象/主题：Ravager Limb Loss。 代码标识：LimbLossSound。,1.94,44.6,2,44100,1,NPCs\Ravager\RavagerBody.cs:43 (LimbLossSound)
958,NPCKilled\RavagerLimbLoss2.ogg,NPCKilled,NPCKilled,RavagerLimbLoss2,NPC死亡,NPC/敌怪死亡、破碎或部位损毁音效；对象/主题：Ravager Limb Loss。 代码标识：LimbLossSound。,2.25,50.5,2,44100,3,NPCs\Ravager\RavagerBody.cs:43 (LimbLossSound); NPCs\SupremeCalamitas\SupremeCataclysm.cs:217 (yell); NPCs\SupremeCalamitas\SupremeCatastrophe.cs:212 (yell)
959,NPCKilled\RavagerLimbLoss3.ogg,NPCKilled,NPCKilled,RavagerLimbLoss3,NPC死亡,NPC/敌怪死亡、破碎或部位损毁音效；对象/主题：Ravager Limb Loss。 代码标识：LimbLossSound。,2.26,58.1,2,44100,3,NPCs\Ravager\RavagerBody.cs:43 (LimbLossSound); NPCs\SupremeCalamitas\SupremeCataclysm.cs:565 (respawn); NPCs\SupremeCalamitas\SupremeCatastrophe.cs:601 (respawn)
960,NPCKilled\RavagerLimbLoss4.ogg,NPCKilled,NPCKilled,RavagerLimbLoss4,NPC死亡,NPC/敌怪死亡、破碎或部位损毁音效；对象/主题：Ravager Limb Loss。 代码标识：LimbLossSound。,2.21,53.0,2,44100,1,NPCs\Ravager\RavagerBody.cs:43 (LimbLossSound)
961,NPCKilled\ScornDeath.ogg,NPCKilled,NPCKilled,ScornDeath,NPC死亡,NPC/敌怪死亡、破碎或部位损毁音效；对象/主题：Scorn Death。 代码标识：DeathSound。,0.80,16.0,2,44100,1,NPCs\NormalNPCs\ScornEater.cs:20 (DeathSound)
962,NPCKilled\SepulcherDeath.ogg,NPCKilled,NPCKilled,SepulcherDeath,NPC死亡,NPC/敌怪死亡、破碎或部位损毁音效；对象/主题：Sepulcher Death。 代码标识：DeathSound。,4.45,71.5,2,44100,1,NPCs\SupremeCalamitas\SepulcherHead.cs:20 (DeathSound)
963,NPCKilled\StormlionAltDeath.ogg,NPCKilled,NPCKilled,StormlionAltDeath,NPC死亡,NPC/敌怪死亡、破碎或部位损毁音效；对象/主题：Stormlion Alt Death。 代码标识：Killed。,0.62,20.7,2,44100,1,Effects\StormlionEffects.cs:19 (Killed)
964,NPCKilled\StormlionDeath.ogg,NPCKilled,NPCKilled,StormlionDeath,NPC死亡,NPC/敌怪死亡、破碎或部位损毁音效；对象/主题：Stormlion Death。 代码标识：DeathSound。,1.24,24.4,2,44100,1,NPCs\NormalNPCs\Stormlion.cs:17 (DeathSound)
965,NPCKilled\Sunskater.ogg,NPCKilled,NPCKilled,Sunskater,NPC死亡,NPC/敌怪死亡、破碎或部位损毁音效；对象/主题：Sunskater。 代码标识：DeathSound。,0.51,7.8,1,44100,1,NPCs\NormalNPCs\Sunskater.cs:19 (DeathSound)
966,NPCKilled\WeaverDeath.ogg,NPCKilled,NPCKilled,WeaverDeath,NPC死亡,NPC/敌怪死亡、破碎或部位损毁音效；对象/主题：Weaver Death。 代码标识：DeathSound。,1.18,19.4,2,44100,1,NPCs\StormWeaver\StormWeaverHead.cs:55 (DeathSound)
967,NPCKilled\WulfrumDeath.ogg,NPCKilled,NPCKilled,WulfrumDeath,NPC死亡,NPC/敌怪死亡、破碎或部位损毁音效；对象/主题：Wulfrum Death。 代码标识：WulfrumNPCDeathSound。,1.49,25.5,2,48000,1,Sounds\CommonCalamitySounds.cs:35 (WulfrumNPCDeathSound)
968,NPCKilled\YharonDeath.ogg,NPCKilled,NPCKilled,YharonDeath,NPC死亡,NPC/敌怪死亡、破碎或部位损毁音效；对象/主题：Yharon Death。 代码标识：DeathSound。,3.77,45.4,2,44100,1,NPCs\Yharon\Yharon.cs:64 (DeathSound)
